{
    "cfg": {
        "path": {
            "task": {
                "type": "lbap",
                "subset": "lbap_refined_ec50_assay"
            },
            "source_root": "/Users/yuanfeng/Desktop/chembl_30/chembl_30_sqlite/chembl_30.db",
            "target_root": "data/"
        },
        "uncertainty": {
            "delta": {
                "<": -1,
                "<=": -1,
                ">": 1,
                ">=": 1
            }
        },
        "classification_threshold": {
            "lower_bound": 4,
            "upper_bound": 6,
            "fix_value": 5
        },
        "fractions": {
            "train_fraction_ood": 0.6,
            "val_fraction_ood": 0.2,
            "iid_train_sample_fractions": 0.6,
            "iid_val_sample_fractions": 0.2
        },
        "noise_filter": {
            "assay": {
                "measurement_type": [
                    "EC50"
                ],
                "assay_value_units": [
                    "nM",
                    "uM"
                ],
                "molecules_number": [
                    32,
                    5000
                ],
                "confidence_score": 3
            },
            "sample": {
                "filter_none": [],
                "smile_exist": [],
                "smile_legal": [],
                "value_relation": [
                    "=",
                    ">=",
                    "<=",
                    "~"
                ]
            }
        },
        "domain": {
            "domain_generate_field": "assay_id",
            "domain_name": "assay",
            "sort_func": "domain_capacity",
            "sort_order": "descend",
            "protein_family_level": 1
        }
    },
    "split": {
        "train": [],
        "ood_val": [],
        "ood_test": [],
        "iid_val": [],
        "iid_test": []
    },
    "statistics": {
        "thr_for_cls": 5,
        "positive_samples": 34328,
        "negative_samples": 5488,
        "positive_rate": 0.8621659634317862,
        "train domain number": 151,
        "val domain number": 196,
        "test domain number": 389,
        "train datapoints": 14295,
        "ood_val datapoints": 7955,
        "ood_test datapoints": 7936,
        "iid_val datapoints": 4734,
        "iid_test datapoints": 4896,
        "ood_val domain number": 196,
        "ood_test domain number": 389,
        "iid_val domain number": 151,
        "iid_test domain number": 151
    }
}