[
  {
    "smiles": "[16*]c1cccc([16*])c1",
    "label": [
      0.5652951699463328,
      0.4347048300536673
    ],
    "confidence": 0.9936602730451837
  },
  {
    "smiles": "[1*]C([6*])=O",
    "label": [
      0.5172413793103449,
      0.4827586206896552
    ],
    "confidence": 0.9900695837386125
  },
  {
    "smiles": "[16*]c1ccccc1",
    "label": [
      0.690625,
      0.309375
    ],
    "confidence": 0.990094417547118
  },
  {
    "smiles": "[5*][NH2+][5*]",
    "label": [
      0.5628019323671497,
      0.43719806763285024
    ],
    "confidence": 0.9919387994267626
  },
  {
    "smiles": "[16*]c1cc2c3c(c1)c([16*])cn3CCS(=O)(=O)N2C",
    "label": [
      0.0,
      1.0
    ],
    "confidence": 0.8630206808735645
  },
  {
    "smiles": "[8*]CC",
    "label": [
      0.3142857142857143,
      0.6857142857142857
    ],
    "confidence": 0.9665865308938855
  },
  {
    "smiles": "[3*]OC",
    "label": [
      0.5048231511254019,
      0.49517684887459806
    ],
    "confidence": 0.9898657482461698
  },
  {
    "smiles": "[4*]C[C@@H](O)[C@@H]([4*])C[8*]",
    "label": [
      0.671875,
      0.328125
    ],
    "confidence": 0.9641031764063427
  },
  {
    "smiles": "[4*]C[8*]",
    "label": [
      0.5512048192771084,
      0.44879518072289154
    ],
    "confidence": 0.990381894576587
  },
  {
    "smiles": "[5*]N[5*]",
    "label": [
      0.5737179487179487,
      0.42628205128205127
    ],
    "confidence": 0.9941943302435273
  },
  {
    "smiles": "[8*]C(C)(C)C",
    "label": [
      0.5714285714285714,
      0.42857142857142855
    ],
    "confidence": 0.9758426906510882
  },
  {
    "smiles": "[4*]CC",
    "label": [
      0.34285714285714286,
      0.6571428571428571
    ],
    "confidence": 0.9418237712959886
  },
  {
    "smiles": "[4*]C[C@@H]([4*])C(F)(F)F",
    "label": [
      0.0,
      1.0
    ],
    "confidence": 0.6701230223067765
  },
  {
    "smiles": "[15*][C@@H]1CS(=O)(=O)C[C@H]([15*])[C@H]1O",
    "label": [
      0.3333333333333333,
      0.6666666666666666
    ],
    "confidence": 0.5847563534614942
  },
  {
    "smiles": "[3*]O[3*]",
    "label": [
      0.5792079207920792,
      0.4207920792079208
    ],
    "confidence": 0.9856873877931853
  },
  {
    "smiles": "[8*]C[8*]",
    "label": [
      0.6612903225806451,
      0.3387096774193548
    ],
    "confidence": 0.9788523238130554
  },
  {
    "smiles": "[16*]c1cc([16*])c(N)c(F)c1",
    "label": [
      0.225,
      0.775
    ],
    "confidence": 0.9477180223704363
  },
  {
    "smiles": "[8*]C(F)(F)F",
    "label": [
      0.4,
      0.6
    ],
    "confidence": 0.9524193918147039
  },
  {
    "smiles": "[4*]C(C(F)(F)F)C(F)(F)F",
    "label": [
      0.25,
      0.75
    ],
    "confidence": 0.8105354291862003
  },
  {
    "smiles": "[15*][C@@H]1CS(=O)C[C@H]([15*])[C@H]1O",
    "label": [
      0.0,
      1.0
    ],
    "confidence": 0.42565082250148256
  },
  {
    "smiles": "[16*]c1cc([16*])cc([16*])c1",
    "label": [
      0.5897435897435898,
      0.41025641025641024
    ],
    "confidence": 0.9693574913159976
  },
  {
    "smiles": "[5*]N1CCCCS1(=O)=O",
    "label": [
      0.16666666666666666,
      0.8333333333333334
    ],
    "confidence": 0.8630206808735645
  },
  {
    "smiles": "[1*]C(=O)[C@@H]([4*])C",
    "label": [
      0.16666666666666666,
      0.8333333333333334
    ],
    "confidence": 0.7615051531491241
  },
  {
    "smiles": "[15*]C1CCCCC1",
    "label": [
      0.6612903225806451,
      0.3387096774193548
    ],
    "confidence": 0.9631797571661027
  },
  {
    "smiles": "[12*]S(C)(=O)=O",
    "label": [
      0.6814159292035398,
      0.3185840707964602
    ],
    "confidence": 0.9772208641202844
  },
  {
    "smiles": "[5*]N([5*])[5*]",
    "label": [
      0.3382352941176471,
      0.6617647058823529
    ],
    "confidence": 0.9658026171994265
  },
  {
    "smiles": "[4*]CCC",
    "label": [
      0.3050847457627119,
      0.6949152542372882
    ],
    "confidence": 0.9616894496673422
  },
  {
    "smiles": "[16*]c1cc(F)cc(F)c1",
    "label": [
      0.5758754863813229,
      0.42412451361867703
    ],
    "confidence": 0.9881953395006793
  },
  {
    "smiles": "[16*]c1cc([16*])cc(C)c1",
    "label": [
      0.375,
      0.625
    ],
    "confidence": 0.8105354291862003
  },
  {
    "smiles": "[16*]c1cccc(I)c1",
    "label": [
      0.5,
      0.5
    ],
    "confidence": 0.42565082250148256
  },
  {
    "smiles": "[13*][C@H]1C[C@@H]([15*])CC[NH2+]1",
    "label": [
      0.0,
      1.0
    ],
    "confidence": 0.42565082250148256
  },
  {
    "smiles": "[4*][C@@H](C[8*])[C@@H]([8*])O",
    "label": [
      0.0,
      1.0
    ],
    "confidence": 0.42565082250148256
  },
  {
    "smiles": "[5*]N([5*])C",
    "label": [
      0.71,
      0.29
    ],
    "confidence": 0.9748811356849042
  },
  {
    "smiles": "[4*]CC(C)C",
    "label": [
      0.8695652173913043,
      0.13043478260869565
    ],
    "confidence": 0.918601250845441
  },
  {
    "smiles": "[16*]c1ccc(F)cc1",
    "label": [
      0.8888888888888888,
      0.1111111111111111
    ],
    "confidence": 0.9431202080255773
  },
  {
    "smiles": "[4*]C[C@@H]([4*])C[8*]",
    "label": [
      0.0,
      1.0
    ],
    "confidence": 0.0
  },
  {
    "smiles": "[4*][C@@H]([8*])C",
    "label": [
      0.75,
      0.25
    ],
    "confidence": 0.8105354291862003
  },
  {
    "smiles": "[6*]C(N)=O",
    "label": [
      0.5,
      0.5
    ],
    "confidence": 0.42565082250148256
  },
  {
    "smiles": "[1*]C(=O)[C@@H](C[8*])CCC",
    "label": [
      0.0,
      1.0
    ],
    "confidence": 0.0
  },
  {
    "smiles": "[16*]c1ccccc1C",
    "label": [
      0.3,
      0.7
    ],
    "confidence": 0.8415106807538887
  },
  {
    "smiles": "[16*]c1ccc2nc(N)c([16*])cc2c1",
    "label": [
      0.15384615384615385,
      0.8461538461538461
    ],
    "confidence": 0.871517103666553
  },
  {
    "smiles": "[14*]c1ccc(C#N)cn1",
    "label": [
      0.23076923076923078,
      0.7692307692307693
    ],
    "confidence": 0.871517103666553
  },
  {
    "smiles": "[16*]c1ccc(F)c([16*])c1",
    "label": [
      0.21875,
      0.78125
    ],
    "confidence": 0.9641031764063427
  },
  {
    "smiles": "[13*][C@@H]1C[C@]([13*])(C)N=C(N)O1",
    "label": [
      0.0,
      1.0
    ],
    "confidence": 0.0
  },
  {
    "smiles": "[10*]N1CCCC1=O",
    "label": [
      0.5454545454545454,
      0.45454545454545453
    ],
    "confidence": 0.853145975799802
  },
  {
    "smiles": "[13*][C@H]1OC(N)=N[C@@]([13*])(C)[C@H]1F",
    "label": [
      0.0,
      1.0
    ],
    "confidence": 0.0
  },
  {
    "smiles": "[7*]CC[8*]",
    "label": [
      0.0,
      1.0
    ],
    "confidence": 0.0
  },
  {
    "smiles": "[7*]CC[7*]",
    "label": [
      0.0,
      1.0
    ],
    "confidence": 0.0
  },
  {
    "smiles": "[7*]CC",
    "label": [
      0.5,
      0.5
    ],
    "confidence": 0.42565082250148256
  },
  {
    "smiles": "[13*]C1([13*])N=C(N)N(C)C1=O",
    "label": [
      0.3558282208588957,
      0.6441717791411042
    ],
    "confidence": 0.983007788052752
  },
  {
    "smiles": "[16*]c1ccc([16*])cc1",
    "label": [
      0.6242774566473989,
      0.37572254335260113
    ],
    "confidence": 0.9837982055700669
  },
  {
    "smiles": "[3*]OC(F)F",
    "label": [
      0.15384615384615385,
      0.8461538461538461
    ],
    "confidence": 0.9645456673876593
  },
  {
    "smiles": "[16*]c1ccc(F)c(C#CCCCF)c1",
    "label": [
      0.0,
      1.0
    ],
    "confidence": 0.0
  },
  {
    "smiles": "[1*]C(=O)n1cc([16*])c2cc(C#N)ccc21",
    "label": [
      0.0,
      1.0
    ],
    "confidence": 0.0
  },
  {
    "smiles": "[4*]CCCC",
    "label": [
      0.675,
      0.325
    ],
    "confidence": 0.9477180223704363
  },
  {
    "smiles": "[13*][C@@H]1CC([13*])([13*])N=C(N)O1",
    "label": [
      0.0,
      1.0
    ],
    "confidence": 0.0
  },
  {
    "smiles": "[8*]CF",
    "label": [
      0.0,
      1.0
    ],
    "confidence": 0.5847563534614942
  },
  {
    "smiles": "[13*][C@@]1(C)N=C(N)OCC1(F)F",
    "label": [
      0.5,
      0.5
    ],
    "confidence": 0.42565082250148256
  },
  {
    "smiles": "[16*]c1cccc(Cl)c1",
    "label": [
      0.8888888888888888,
      0.1111111111111111
    ],
    "confidence": 0.8275727140094045
  },
  {
    "smiles": "[16*]c1ccc2c(c1)[C@@]1(CC(C)(C)O2)N=C(N)N(C)C1=O",
    "label": [
      0.0,
      1.0
    ],
    "confidence": 0.42565082250148256
  },
  {
    "smiles": "[1*]C(=O)[C@](C)([NH3+])C[8*]",
    "label": [
      0.0,
      1.0
    ],
    "confidence": 0.0
  },
  {
    "smiles": "[13*][C@@]1(C)N=C(N)OC[C@@H]1F",
    "label": [
      0.0,
      1.0
    ],
    "confidence": 0.0
  },
  {
    "smiles": "[14*]c1cc([16*])cc([14*])n1",
    "label": [
      0.3333333333333333,
      0.6666666666666666
    ],
    "confidence": 0.5847563534614942
  },
  {
    "smiles": "[16*]c1cncnc1",
    "label": [
      0.5538461538461539,
      0.4461538461538462
    ],
    "confidence": 0.9645456673876593
  },
  {
    "smiles": "[16*]c1cccnc1",
    "label": [
      0.5714285714285714,
      0.42857142857142855
    ],
    "confidence": 0.9418237712959886
  },
  {
    "smiles": "[16*]c1ccc([16*])c(C)c1",
    "label": [
      0.2777777777777778,
      0.7222222222222222
    ],
    "confidence": 0.9009665301129999
  },
  {
    "smiles": "[13*][C@@H]1OC(N)=N[C@@]([13*])(C)[C@H]1F",
    "label": [
      0.0,
      1.0
    ],
    "confidence": 0.0
  },
  {
    "smiles": "[4*]C1([15*])CCCCC1",
    "label": [
      0.896551724137931,
      0.10344827586206896
    ],
    "confidence": 0.9611619331304772
  },
  {
    "smiles": "[1*]C(C)=O",
    "label": [
      0.6956521739130435,
      0.30434782608695654
    ],
    "confidence": 0.9845778209266514
  },
  {
    "smiles": "[8*]C[C@H](O)C(F)(F)F",
    "label": [
      0.0,
      1.0
    ],
    "confidence": 0.0
  },
  {
    "smiles": "[13*]C1([13*])N=C(N)OCC1(F)F",
    "label": [
      0.0,
      1.0
    ],
    "confidence": 0.0
  },
  {
    "smiles": "[13*][C@]1(C)CCOC(N)=N1",
    "label": [
      0.0,
      1.0
    ],
    "confidence": 0.0
  },
  {
    "smiles": "[1*]C(=O)[C@@H]([4*])CC(C)C",
    "label": [
      0.5,
      0.5
    ],
    "confidence": 0.42565082250148256
  },
  {
    "smiles": "[1*]C(=O)[C@H](C)C[C@H](O)[C@@H]([4*])CC(C)C",
    "label": [
      0.9166666666666666,
      0.08333333333333333
    ],
    "confidence": 0.8630206808735645
  },
  {
    "smiles": "[1*]C(=O)[C@@H]([4*])CC[4*]",
    "label": [
      0.5,
      0.5
    ],
    "confidence": 0.42565082250148256
  },
  {
    "smiles": "[11*]SC",
    "label": [
      0.7142857142857143,
      0.2857142857142857
    ],
    "confidence": 0.7891752626293498
  },
  {
    "smiles": "[13*]C1([13*])CCOC(N)=N1",
    "label": [
      0.0,
      1.0
    ],
    "confidence": 0.0
  },
  {
    "smiles": "[8*]C(F)F",
    "label": [
      0.0,
      1.0
    ],
    "confidence": 0.7615051531491241
  },
  {
    "smiles": "[16*]c1ccncc1",
    "label": [
      0.6086956521739131,
      0.391304347826087
    ],
    "confidence": 0.918601250845441
  },
  {
    "smiles": "[1*]C(=O)CC[8*]",
    "label": [
      0.3333333333333333,
      0.6666666666666666
    ],
    "confidence": 0.5847563534614942
  },
  {
    "smiles": "[13*]C1([13*])N=C(N)OC[C@@H]1F",
    "label": [
      0.0,
      1.0
    ],
    "confidence": 0.0
  },
  {
    "smiles": "[13*]C1([13*])[NH+]=C(N)N2CC(F)(F)CN=C21",
    "label": [
      0.0,
      1.0
    ],
    "confidence": 0.0
  },
  {
    "smiles": "[4*]CC#Cc1cccc([16*])c1",
    "label": [
      0.0,
      1.0
    ],
    "confidence": 0.42565082250148256
  },
  {
    "smiles": "[16*]c1cccc(C#N)c1",
    "label": [
      0.25,
      0.75
    ],
    "confidence": 0.8630206808735645
  },
  {
    "smiles": "[1*]C(=O)n1cc([16*])c2ccccc21",
    "label": [
      0.5714285714285714,
      0.42857142857142855
    ],
    "confidence": 0.7891752626293498
  },
  {
    "smiles": "[16*]c1cccc(F)c1",
    "label": [
      0.8787878787878788,
      0.12121212121212122
    ],
    "confidence": 0.9390197994822558
  },
  {
    "smiles": "[4*]C(C)C",
    "label": [
      0.8333333333333334,
      0.16666666666666666
    ],
    "confidence": 0.9497193865484106
  },
  {
    "smiles": "[5*]N1[C@@]2(CC[N@H+]([5*])[C@@H](C)C2)CN(C)S1(=O)=O",
    "label": [
      0.5,
      0.5
    ],
    "confidence": 0.42565082250148256
  },
  {
    "smiles": "[16*]c1ccc(O)c([16*])c1",
    "label": [
      0.7,
      0.3
    ],
    "confidence": 0.8415106807538887
  },
  {
    "smiles": "[14*]c1cccc(N)n1",
    "label": [
      0.9545454545454546,
      0.045454545454545456
    ],
    "confidence": 0.9156545119882689
  },
  {
    "smiles": "[9*]n1c([14*])ccc1[14*]",
    "label": [
      0.8888888888888888,
      0.1111111111111111
    ],
    "confidence": 0.9284006650025274
  },
  {
    "smiles": "[16*]c1ccccc1Cl",
    "label": [
      0.8571428571428571,
      0.14285714285714285
    ],
    "confidence": 0.9124563672736884
  },
  {
    "smiles": "[15*]C12CC3CC(CC(C3)C1)C2",
    "label": [
      0.9,
      0.1
    ],
    "confidence": 0.8415106807538887
  },
  {
    "smiles": "[14*]c1ccc([16*])cn1",
    "label": [
      0.5714285714285714,
      0.42857142857142855
    ],
    "confidence": 0.7891752626293498
  },
  {
    "smiles": "[8*]CC[8*]",
    "label": [
      1.0,
      0.0
    ],
    "confidence": 0.8854152048275015
  },
  {
    "smiles": "[13*][C@]1(C)CC(=O)N(C)C(N)=N1",
    "label": [
      1.0,
      0.0
    ],
    "confidence": 0.5847563534614942
  },
  {
    "smiles": "[4*]C[C@]([NH3+])(C[8*])CO",
    "label": [
      1.0,
      0.0
    ],
    "confidence": 0.0
  },
  {
    "smiles": "[5*]NC1=[NH+]C(C)(C)Cc2cc(Cl)ccc21",
    "label": [
      1.0,
      0.0
    ],
    "confidence": 0.42565082250148256
  },
  {
    "smiles": "[4*][C@@H](C[8*])C(=O)[O-]",
    "label": [
      1.0,
      0.0
    ],
    "confidence": 0.42565082250148256
  },
  {
    "smiles": "[16*]c1cscc1Br",
    "label": [
      1.0,
      0.0
    ],
    "confidence": 0.42565082250148256
  },
  {
    "smiles": "[4*]CCCC#N",
    "label": [
      1.0,
      0.0
    ],
    "confidence": 0.0
  },
  {
    "smiles": "[13*][C@@]1(C)N=C(N)OC[C@H]1F",
    "label": [
      1.0,
      0.0
    ],
    "confidence": 0.0
  },
  {
    "smiles": "[14*]c1cc([16*])cs1",
    "label": [
      0.5384615384615384,
      0.46153846153846156
    ],
    "confidence": 0.871517103666553
  },
  {
    "smiles": "[4*]C1([15*])CC1",
    "label": [
      0.9285714285714286,
      0.07142857142857142
    ],
    "confidence": 0.9304537728132023
  },
  {
    "smiles": "[8*]CC(C)(C)C",
    "label": [
      0.25,
      0.75
    ],
    "confidence": 0.9622011140788991
  },
  {
    "smiles": "[1*]C(=O)CCC(C)C",
    "label": [
      1.0,
      0.0
    ],
    "confidence": 0.0
  },
  {
    "smiles": "[8*]CCC",
    "label": [
      0.8421052631578947,
      0.15789473684210525
    ],
    "confidence": 0.9051587827727821
  },
  {
    "smiles": "[16*]c1cscc1[16*]",
    "label": [
      1.0,
      0.0
    ],
    "confidence": 0.8415106807538887
  },
  {
    "smiles": "[13*][C@H]1C[C@]([13*])(C)N=C(N)O1",
    "label": [
      1.0,
      0.0
    ],
    "confidence": 0.0
  },
  {
    "smiles": "[16*]c1cc(F)c(N)c(Br)c1",
    "label": [
      0.5,
      0.5
    ],
    "confidence": 0.42565082250148256
  },
  {
    "smiles": "[8*]C(C)(F)F",
    "label": [
      1.0,
      0.0
    ],
    "confidence": 0.0
  },
  {
    "smiles": "[1*]C(=O)[C@H](C)C[C@H](O)[C@@H]([4*])C[8*]",
    "label": [
      1.0,
      0.0
    ],
    "confidence": 0.0
  },
  {
    "smiles": "[15*][C@@H]1CCC[C@H]([15*])C1",
    "label": [
      1.0,
      0.0
    ],
    "confidence": 0.0
  },
  {
    "smiles": "[4*]C([8*])(C)C",
    "label": [
      0.75,
      0.25
    ],
    "confidence": 0.8105354291862003
  },
  {
    "smiles": "[4*]C[C@H](O)[C@@H]([4*])C[8*]",
    "label": [
      0.4117647058823529,
      0.5882352941176471
    ],
    "confidence": 0.8963329207157461
  },
  {
    "smiles": "[13*][C@H]1C[C@]2(C[NH2+]1)C(=O)Nc1ccccc12",
    "label": [
      1.0,
      0.0
    ],
    "confidence": 0.5847563534614942
  },
  {
    "smiles": "[16*]c1ccc(C#N)c(Br)c1",
    "label": [
      1.0,
      0.0
    ],
    "confidence": 0.0
  },
  {
    "smiles": "[1*]C(=O)C[C@@H]([8*])CC",
    "label": [
      1.0,
      0.0
    ],
    "confidence": 0.0
  },
  {
    "smiles": "[9*]n1c(N)nc2cc(Cl)ccc21",
    "label": [
      1.0,
      0.0
    ],
    "confidence": 0.9304537728132023
  },
  {
    "smiles": "[16*]c1ccc(C#N)cc1",
    "label": [
      1.0,
      0.0
    ],
    "confidence": 0.42565082250148256
  },
  {
    "smiles": "[13*]C1([13*])[NH+]=C(N)N2CCCN=C21",
    "label": [
      0.8235294117647058,
      0.17647058823529413
    ],
    "confidence": 0.8963329207157461
  },
  {
    "smiles": "[16*]c1cncc([16*])c1",
    "label": [
      0.4,
      0.6
    ],
    "confidence": 0.724054067707757
  },
  {
    "smiles": "[16*]c1cccnc1N",
    "label": [
      1.0,
      0.0
    ],
    "confidence": 0.42565082250148256
  },
  {
    "smiles": "[8*]CC(C)C",
    "label": [
      0.4166666666666667,
      0.5833333333333334
    ],
    "confidence": 0.8630206808735645
  },
  {
    "smiles": "[1*]C([1*])=O",
    "label": [
      0.9,
      0.1
    ],
    "confidence": 0.8415106807538887
  },
  {
    "smiles": "[10*]N1C(=N)N[C@@]([13*])(C)C1=O",
    "label": [
      1.0,
      0.0
    ],
    "confidence": 0.42565082250148256
  },
  {
    "smiles": "[11*]SC(N)=[NH2+]",
    "label": [
      1.0,
      0.0
    ],
    "confidence": 0.0
  },
  {
    "smiles": "[16*]c1ccc([16*])c(Cl)c1",
    "label": [
      0.5,
      0.5
    ],
    "confidence": 0.42565082250148256
  },
  {
    "smiles": "[10*]N1C(=N)NC(C)(C)C1=O",
    "label": [
      1.0,
      0.0
    ],
    "confidence": 0.0
  },
  {
    "smiles": "[8*]CCCO",
    "label": [
      1.0,
      0.0
    ],
    "confidence": 0.0
  },
  {
    "smiles": "[1*]C(=O)C([4*])CC(=O)[O-]",
    "label": [
      0.0,
      1.0
    ],
    "confidence": 0.0
  },
  {
    "smiles": "[1*]C(=O)C([NH3+])CCC(=O)[O-]",
    "label": [
      0.0,
      1.0
    ],
    "confidence": 0.42565082250148256
  },
  {
    "smiles": "[1*]C(=O)C(C)CC(O)C([4*])CC(C)C",
    "label": [
      0.6,
      0.4
    ],
    "confidence": 0.724054067707757
  },
  {
    "smiles": "[1*]C(=O)C([4*])CC(C)C",
    "label": [
      0.5,
      0.5
    ],
    "confidence": 0.42565082250148256
  },
  {
    "smiles": "[1*]C(=O)C([4*])CCC(=O)[O-]",
    "label": [
      0.0,
      1.0
    ],
    "confidence": 0.42565082250148256
  },
  {
    "smiles": "[4*]C(C[8*])C(=O)[O-]",
    "label": [
      0.8571428571428571,
      0.14285714285714285
    ],
    "confidence": 0.9124563672736884
  },
  {
    "smiles": "[1*]C(=O)C([4*])C(C)C",
    "label": [
      0.3,
      0.7
    ],
    "confidence": 0.8415106807538887
  },
  {
    "smiles": "[1*]C(=O)C([4*])CC(O)C([4*])C[4*]",
    "label": [
      0.0,
      1.0
    ],
    "confidence": 0.42565082250148256
  },
  {
    "smiles": "[4*]C([8*])C",
    "label": [
      0.8163265306122449,
      0.1836734693877551
    ],
    "confidence": 0.9555529301125963
  },
  {
    "smiles": "[1*]C(=O)C([4*])C",
    "label": [
      0.6521739130434783,
      0.34782608695652173
    ],
    "confidence": 0.918601250845441
  },
  {
    "smiles": "[1*]C(=O)C([4*])CC(N)=O",
    "label": [
      0.0,
      1.0
    ],
    "confidence": 0.0
  },
  {
    "smiles": "[5*]N1CC2C(=O)N(C)C(N)=NC2([13*])C1",
    "label": [
      0.0,
      1.0
    ],
    "confidence": 0.5847563534614942
  },
  {
    "smiles": "[14*]c1cccc([14*])n1",
    "label": [
      0.6666666666666666,
      0.3333333333333333
    ],
    "confidence": 0.5847563534614942
  },
  {
    "smiles": "[14*]c1ncccc1[16*]",
    "label": [
      0.3333333333333333,
      0.6666666666666666
    ],
    "confidence": 0.5847563534614942
  },
  {
    "smiles": "[4*]CC[4*]",
    "label": [
      0.5,
      0.5
    ],
    "confidence": 0.8105354291862003
  },
  {
    "smiles": "[13*]C1([13*])NC(=[NH2+])N(C)C1=O",
    "label": [
      0.0,
      1.0
    ],
    "confidence": 0.42565082250148256
  },
  {
    "smiles": "[15*]C1CC1",
    "label": [
      0.8636363636363636,
      0.13636363636363635
    ],
    "confidence": 0.9515562383347512
  },
  {
    "smiles": "[16*]c1cncc(C#CC)c1",
    "label": [
      0.0,
      1.0
    ],
    "confidence": 0.7615051531491241
  },
  {
    "smiles": "[14*]c1ncccc1C#N",
    "label": [
      0.5,
      0.5
    ],
    "confidence": 0.42565082250148256
  },
  {
    "smiles": "[4*]CC(O)(O)C([4*])C[8*]",
    "label": [
      0.0,
      1.0
    ],
    "confidence": 0.0
  },
  {
    "smiles": "[9*]n1cc2c3c(cc([16*])cc31)N(C)S(=O)(=O)CC2",
    "label": [
      0.0,
      1.0
    ],
    "confidence": 0.853145975799802
  },
  {
    "smiles": "[15*]C1CCOCC1",
    "label": [
      0.2857142857142857,
      0.7142857142857143
    ],
    "confidence": 0.7891752626293498
  },
  {
    "smiles": "[5*]N/C(N)=N\\C([6*])=O",
    "label": [
      0.0,
      1.0
    ],
    "confidence": 0.42565082250148256
  },
  {
    "smiles": "[16*]c1cc(C)c([16*])c(Cl)c1",
    "label": [
      0.0,
      1.0
    ],
    "confidence": 0.0
  },
  {
    "smiles": "[14*]c1nsc(C)c1[16*]",
    "label": [
      0.0,
      1.0
    ],
    "confidence": 0.42565082250148256
  },
  {
    "smiles": "[1*]C(=O)C([4*])C(C)O",
    "label": [
      0.0,
      1.0
    ],
    "confidence": 0.0
  },
  {
    "smiles": "[4*]CC([4*])C[8*]",
    "label": [
      0.5,
      0.5
    ],
    "confidence": 0.42565082250148256
  },
  {
    "smiles": "[16*]c1cc(Cl)c(N)c(Cl)c1",
    "label": [
      0.0,
      1.0
    ],
    "confidence": 0.0
  },
  {
    "smiles": "[16*]c1cncc(Cl)c1",
    "label": [
      0.5714285714285714,
      0.42857142857142855
    ],
    "confidence": 0.7891752626293498
  },
  {
    "smiles": "[13*]C1(C)CC(=O)N(C)C(N)=N1",
    "label": [
      0.9375,
      0.0625
    ],
    "confidence": 0.8911811795879845
  },
  {
    "smiles": "[16*]c1ccccc1C#CC(C)(C)C",
    "label": [
      0.0,
      1.0
    ],
    "confidence": 0.0
  },
  {
    "smiles": "[16*]c1ccc2nc(N)ccc2c1",
    "label": [
      0.0,
      1.0
    ],
    "confidence": 0.0
  },
  {
    "smiles": "[5*][NH+]1CCC([15*])CC1",
    "label": [
      0.0,
      1.0
    ],
    "confidence": 0.42565082250148256
  },
  {
    "smiles": "[1*]C(=O)C[4*]",
    "label": [
      0.5365853658536586,
      0.4634146341463415
    ],
    "confidence": 0.9487406712615662
  },
  {
    "smiles": "[16*]c1cc(Cl)cc([16*])c1[16*]",
    "label": [
      0.0,
      1.0
    ],
    "confidence": 0.42565082250148256
  },
  {
    "smiles": "[16*]c1ccc(S(N)(=O)=O)cc1C",
    "label": [
      0.0,
      1.0
    ],
    "confidence": 0.0
  },
  {
    "smiles": "[16*]c1ccc(S(N)(=O)=O)cc1",
    "label": [
      0.0,
      1.0
    ],
    "confidence": 0.0
  },
  {
    "smiles": "[8*]CC[NH3+]",
    "label": [
      0.0,
      1.0
    ],
    "confidence": 0.42565082250148256
  },
  {
    "smiles": "[16*]c1ccc(O)cc1",
    "label": [
      0.5,
      0.5
    ],
    "confidence": 0.6701230223067765
  },
  {
    "smiles": "[8*]CC(C)[NH3+]",
    "label": [
      0.0,
      1.0
    ],
    "confidence": 0.0
  },
  {
    "smiles": "[4*]CCC(C)(C)C",
    "label": [
      0.2857142857142857,
      0.7142857142857143
    ],
    "confidence": 0.7891752626293498
  },
  {
    "smiles": "[1*]C(=O)C(C)C[8*]",
    "label": [
      0.14285714285714285,
      0.8571428571428571
    ],
    "confidence": 0.7891752626293498
  },
  {
    "smiles": "[4*]C1([15*])CCN([10*])C1=O",
    "label": [
      0.21428571428571427,
      0.7857142857142857
    ],
    "confidence": 0.8789129854948261
  },
  {
    "smiles": "[1*]C(=O)C([8*])CC[8*]",
    "label": [
      0.15384615384615385,
      0.8461538461538461
    ],
    "confidence": 0.9262059541682575
  },
  {
    "smiles": "[4*]C(C[8*])C([8*])O",
    "label": [
      0.2413793103448276,
      0.7586206896551724
    ],
    "confidence": 0.9323789980188087
  },
  {
    "smiles": "[13*]C1CC(O)C[NH2+]1",
    "label": [
      0.0,
      1.0
    ],
    "confidence": 0.7615051531491241
  },
  {
    "smiles": "[8*]C(C)CC",
    "label": [
      0.21428571428571427,
      0.7857142857142857
    ],
    "confidence": 0.8789129854948261
  },
  {
    "smiles": "[16*]c1ccc(C)c(F)c1",
    "label": [
      0.0,
      1.0
    ],
    "confidence": 0.0
  },
  {
    "smiles": "[4*]CC(O)C([4*])C[8*]",
    "label": [
      0.5182481751824818,
      0.48175182481751827
    ],
    "confidence": 0.9887849929805348
  },
  {
    "smiles": "[5*][NH2+]C1CC2(CCC2)Oc2ncc([16*])cc21",
    "label": [
      0.020833333333333332,
      0.9791666666666666
    ],
    "confidence": 0.9548136762000959
  },
  {
    "smiles": "[16*]c1cc([16*])cc(/C(C)=N\\OC)c1",
    "label": [
      0.0,
      1.0
    ],
    "confidence": 0.42565082250148256
  },
  {
    "smiles": "[12*]S(=O)(=O)CCC",
    "label": [
      0.0,
      1.0
    ],
    "confidence": 0.0
  },
  {
    "smiles": "[8*]C(C)C",
    "label": [
      0.6,
      0.4
    ],
    "confidence": 0.9524193918147039
  },
  {
    "smiles": "[13*]C1Cc2cccc(c2)OCCCCNc2cc([16*])cc(c2)C(=O)N1",
    "label": [
      0.5,
      0.5
    ],
    "confidence": 0.7615051531491241
  },
  {
    "smiles": "[4*]CC([8*])O",
    "label": [
      0.47368421052631576,
      0.5263157894736842
    ],
    "confidence": 0.9051587827727821
  },
  {
    "smiles": "[16*]c1cc([16*])cc(F)c1",
    "label": [
      0.25,
      0.75
    ],
    "confidence": 0.6701230223067765
  },
  {
    "smiles": "[14*]c1nccs1",
    "label": [
      0.14285714285714285,
      0.8571428571428571
    ],
    "confidence": 0.8789129854948261
  },
  {
    "smiles": "[16*]c1cc(F)cc(C#C)c1",
    "label": [
      0.0,
      1.0
    ],
    "confidence": 0.0
  },
  {
    "smiles": "[16*]c1ccc(F)c(F)c1",
    "label": [
      0.0,
      1.0
    ],
    "confidence": 0.0
  },
  {
    "smiles": "[8*]C(C)O",
    "label": [
      0.0,
      1.0
    ],
    "confidence": 0.5847563534614942
  },
  {
    "smiles": "[15*]C1CS(=O)(=O)CC([15*])C1O",
    "label": [
      0.5666666666666667,
      0.43333333333333335
    ],
    "confidence": 0.9622011140788991
  },
  {
    "smiles": "[8*]C(C)(C)O",
    "label": [
      0.0,
      1.0
    ],
    "confidence": 0.42565082250148256
  },
  {
    "smiles": "[8*]C(C)(C)CO",
    "label": [
      0.3333333333333333,
      0.6666666666666666
    ],
    "confidence": 0.5847563534614942
  },
  {
    "smiles": "[3*]OC(F)(F)F",
    "label": [
      0.7083333333333334,
      0.2916666666666667
    ],
    "confidence": 0.9213260407254249
  },
  {
    "smiles": "[16*]c1ccc(F)c(C#N)c1",
    "label": [
      0.0,
      1.0
    ],
    "confidence": 0.0
  },
  {
    "smiles": "[9*]n1cc(C2(c3cccc([16*])c3)N=C(N)c3c(F)cc(F)cc32)cc(C)c1=O",
    "label": [
      0.0,
      1.0
    ],
    "confidence": 0.0
  },
  {
    "smiles": "[13*]C1CC([15*])C[NH2+]1",
    "label": [
      0.07692307692307693,
      0.9230769230769231
    ],
    "confidence": 0.871517103666553
  },
  {
    "smiles": "[16*]c1cc(C#C)ccc1F",
    "label": [
      0.0,
      1.0
    ],
    "confidence": 0.0
  },
  {
    "smiles": "[16*]c1cc([16*])cc(/C(C)=N\\O)c1",
    "label": [
      0.0,
      1.0
    ],
    "confidence": 0.6701230223067765
  },
  {
    "smiles": "[4*]CCC(F)(F)F",
    "label": [
      0.25,
      0.75
    ],
    "confidence": 0.6701230223067765
  },
  {
    "smiles": "[4*]C[C@@H](O)C([4*])C[8*]",
    "label": [
      0.2,
      0.8
    ],
    "confidence": 0.8415106807538887
  },
  {
    "smiles": "[4*][C@H](C)C(F)(F)F",
    "label": [
      0.0,
      1.0
    ],
    "confidence": 0.0
  },
  {
    "smiles": "[1*]C(=O)C(C)CC(O)C([4*])C[4*]",
    "label": [
      0.6,
      0.4
    ],
    "confidence": 0.724054067707757
  },
  {
    "smiles": "[1*]C(=O)C(C)O",
    "label": [
      0.0,
      1.0
    ],
    "confidence": 0.0
  },
  {
    "smiles": "[16*]c1cccc(C#C)c1",
    "label": [
      0.5,
      0.5
    ],
    "confidence": 0.42565082250148256
  },
  {
    "smiles": "[16*]c1ccccc1F",
    "label": [
      0.0,
      1.0
    ],
    "confidence": 0.0
  },
  {
    "smiles": "[16*]c1ccc([16*])c(F)c1",
    "label": [
      0.0,
      1.0
    ],
    "confidence": 0.6701230223067765
  },
  {
    "smiles": "[16*]c1ccc(F)c(C#C)c1",
    "label": [
      0.0,
      1.0
    ],
    "confidence": 0.0
  },
  {
    "smiles": "[16*]c1ccc(F)c(C)c1",
    "label": [
      0.0,
      1.0
    ],
    "confidence": 0.0
  },
  {
    "smiles": "[6*]C(C)=O",
    "label": [
      0.3333333333333333,
      0.6666666666666666
    ],
    "confidence": 0.7615051531491241
  },
  {
    "smiles": "[13*]C1Cc2cccc([16*])c2C[NH2+]1",
    "label": [
      0.0,
      1.0
    ],
    "confidence": 0.42565082250148256
  },
  {
    "smiles": "[10*]N1CCC([15*])C1=O",
    "label": [
      0.2,
      0.8
    ],
    "confidence": 0.9238538424513649
  },
  {
    "smiles": "[8*]C(O)CCC",
    "label": [
      0.0,
      1.0
    ],
    "confidence": 0.7615051531491241
  },
  {
    "smiles": "[4*]C(C)(C)CCCC(C)C",
    "label": [
      0.0,
      1.0
    ],
    "confidence": 0.42565082250148256
  },
  {
    "smiles": "[16*]c1ccc2c(c1)OCO2",
    "label": [
      0.4,
      0.6
    ],
    "confidence": 0.8415106807538887
  },
  {
    "smiles": "[14*]c1nc(C)cs1",
    "label": [
      0.0,
      1.0
    ],
    "confidence": 0.0
  },
  {
    "smiles": "[4*]C[C@H](O)C([4*])C[8*]",
    "label": [
      0.0,
      1.0
    ],
    "confidence": 0.7891752626293498
  },
  {
    "smiles": "[3*]O/N=C(/C)c1cc([16*])cc([16*])c1",
    "label": [
      0.4,
      0.6
    ],
    "confidence": 0.8415106807538887
  },
  {
    "smiles": "[4*]CC(F)F",
    "label": [
      0.0,
      1.0
    ],
    "confidence": 0.724054067707757
  },
  {
    "smiles": "[4*]CC(F)(F)F",
    "label": [
      0.14285714285714285,
      0.8571428571428571
    ],
    "confidence": 0.7891752626293498
  },
  {
    "smiles": "[13*]C1(C)N=C(N)OCC1(F)F",
    "label": [
      0.21052631578947367,
      0.7894736842105263
    ],
    "confidence": 0.9051587827727821
  },
  {
    "smiles": "[14*]c1cnc([14*])cn1",
    "label": [
      0.0,
      1.0
    ],
    "confidence": 0.6701230223067765
  },
  {
    "smiles": "[4*]CC#CC",
    "label": [
      0.0,
      1.0
    ],
    "confidence": 0.0
  },
  {
    "smiles": "[14*]c1cc(C2(c3cccc([16*])c3)N=C(N)c3c(F)cccc32)ccn1",
    "label": [
      0.75,
      0.25
    ],
    "confidence": 0.6701230223067765
  },
  {
    "smiles": "[16*]c1ccc(F)cc1F",
    "label": [
      0.0,
      1.0
    ],
    "confidence": 0.0
  },
  {
    "smiles": "[5*]N1c2cc([16*])cc3c([16*])cn(c23)CCS1(=O)=O",
    "label": [
      0.0,
      1.0
    ],
    "confidence": 0.6701230223067765
  },
  {
    "smiles": "[15*]C1CS(=O)CC([15*])C1O",
    "label": [
      0.3076923076923077,
      0.6923076923076923
    ],
    "confidence": 0.871517103666553
  },
  {
    "smiles": "[4*]C(CO)C(F)(F)F",
    "label": [
      0.0,
      1.0
    ],
    "confidence": 0.0
  },
  {
    "smiles": "[16*]c1cc([16*])c([16*])c(F)c1",
    "label": [
      0.0,
      1.0
    ],
    "confidence": 0.42565082250148256
  },
  {
    "smiles": "[8*]CCCC",
    "label": [
      0.3076923076923077,
      0.6923076923076923
    ],
    "confidence": 0.871517103666553
  },
  {
    "smiles": "[9*]n1cc([16*])cn1",
    "label": [
      0.15789473684210525,
      0.8421052631578947
    ],
    "confidence": 0.9051587827727821
  },
  {
    "smiles": "[16*]c1cn[nH]c1",
    "label": [
      0.5,
      0.5
    ],
    "confidence": 0.42565082250148256
  },
  {
    "smiles": "[14*]c1scc([16*])c1[16*]",
    "label": [
      0.0,
      1.0
    ],
    "confidence": 0.0
  },
  {
    "smiles": "[5*]NC1=NC(C)(C)Cc2cc(Cl)ccc21",
    "label": [
      0.9655172413793104,
      0.034482758620689655
    ],
    "confidence": 0.9323789980188087
  },
  {
    "smiles": "[16*]c1cncc(C#N)c1",
    "label": [
      0.5,
      0.5
    ],
    "confidence": 0.42565082250148256
  },
  {
    "smiles": "[9*]n1cc(C2(c3cccc([16*])c3)N=C(N)c3c(F)cccc32)cc(C)c1=O",
    "label": [
      0.0,
      1.0
    ],
    "confidence": 0.5847563534614942
  },
  {
    "smiles": "[16*]c1ccc(Cl)cc1",
    "label": [
      0.6,
      0.4
    ],
    "confidence": 0.724054067707757
  },
  {
    "smiles": "[1*]C(=O)n1cc([16*])c2cccnc21",
    "label": [
      0.375,
      0.625
    ],
    "confidence": 0.8911811795879845
  },
  {
    "smiles": "[13*]C1Cc2cccc(c2)OCCCCOc2cc(cc([14*])n2)C(=O)N1",
    "label": [
      0.0,
      1.0
    ],
    "confidence": 0.0
  },
  {
    "smiles": "[1*]C(=O)C([4*])[4*]",
    "label": [
      0.5,
      0.5
    ],
    "confidence": 0.42565082250148256
  },
  {
    "smiles": "[4*]CC=C",
    "label": [
      0.6666666666666666,
      0.3333333333333333
    ],
    "confidence": 0.7615051531491241
  },
  {
    "smiles": "[8*]CCO",
    "label": [
      0.75,
      0.25
    ],
    "confidence": 0.6701230223067765
  },
  {
    "smiles": "[16*]c1cc([16*])cc(/C(C)=N/OC)c1",
    "label": [
      0.0,
      1.0
    ],
    "confidence": 0.42565082250148256
  },
  {
    "smiles": "[4*]C(C)CC",
    "label": [
      0.0,
      1.0
    ],
    "confidence": 0.42565082250148256
  },
  {
    "smiles": "[1*]C(=O)[C@@H](C)CC(O)C([4*])C[4*]",
    "label": [
      0.0,
      1.0
    ],
    "confidence": 0.0
  },
  {
    "smiles": "[16*]c1cccnc1F",
    "label": [
      0.3076923076923077,
      0.6923076923076923
    ],
    "confidence": 0.9466482936086706
  },
  {
    "smiles": "[16*]c1cccc(C#CCF)c1",
    "label": [
      0.0,
      1.0
    ],
    "confidence": 0.0
  },
  {
    "smiles": "[16*]c1cccc(C#CCCF)c1",
    "label": [
      0.0,
      1.0
    ],
    "confidence": 0.0
  },
  {
    "smiles": "[16*]c1cccc(C#CCCO)c1",
    "label": [
      0.0,
      1.0
    ],
    "confidence": 0.0
  },
  {
    "smiles": "[16*]c1cccc(C#CCCCCO)c1",
    "label": [
      0.0,
      1.0
    ],
    "confidence": 0.0
  },
  {
    "smiles": "[4*]CCCF",
    "label": [
      0.0,
      1.0
    ],
    "confidence": 0.42565082250148256
  },
  {
    "smiles": "[4*]CCC(F)F",
    "label": [
      0.0,
      1.0
    ],
    "confidence": 0.0
  },
  {
    "smiles": "[5*]N1CCC[C@@H]1[13*]",
    "label": [
      0.0,
      1.0
    ],
    "confidence": 0.42565082250148256
  },
  {
    "smiles": "[6*]C(=O)CC",
    "label": [
      0.3333333333333333,
      0.6666666666666666
    ],
    "confidence": 0.5847563534614942
  },
  {
    "smiles": "[16*]c1ccc2c(c1)C1(CC(C)(C)O2)N=C(N)N(C)C1=O",
    "label": [
      0.5357142857142857,
      0.4642857142857143
    ],
    "confidence": 0.9304537728132023
  },
  {
    "smiles": "[4*]CC([4*])C(F)(F)F",
    "label": [
      0.4,
      0.6
    ],
    "confidence": 0.8415106807538887
  },
  {
    "smiles": "[16*]c1cc([16*])cc(S(=O)(=O)c2ccccc2)c1",
    "label": [
      0.0,
      1.0
    ],
    "confidence": 0.0
  },
  {
    "smiles": "[4*]CC#C",
    "label": [
      0.25,
      0.75
    ],
    "confidence": 0.6701230223067765
  },
  {
    "smiles": "[16*]c1cc(Cl)cc(Cl)c1",
    "label": [
      0.5,
      0.5
    ],
    "confidence": 0.6701230223067765
  },
  {
    "smiles": "[14*]c1ncccc1Cl",
    "label": [
      0.0,
      1.0
    ],
    "confidence": 0.0
  },
  {
    "smiles": "[16*]c1cccc(C#C)c1F",
    "label": [
      0.0,
      1.0
    ],
    "confidence": 0.0
  },
  {
    "smiles": "[1*]C(=O)CC",
    "label": [
      0.6666666666666666,
      0.3333333333333333
    ],
    "confidence": 0.5847563534614942
  },
  {
    "smiles": "[16*]c1ccc(S(=O)(=O)c2cc([16*])cc([16*])c2)cc1",
    "label": [
      0.0,
      1.0
    ],
    "confidence": 0.0
  },
  {
    "smiles": "[4*]CC#Cc1cc([16*])ccc1F",
    "label": [
      0.0,
      1.0
    ],
    "confidence": 0.42565082250148256
  },
  {
    "smiles": "[16*]c1cncc(F)c1",
    "label": [
      0.8333333333333334,
      0.16666666666666666
    ],
    "confidence": 0.7615051531491241
  },
  {
    "smiles": "[11*]S[11*]",
    "label": [
      0.6,
      0.4
    ],
    "confidence": 0.724054067707757
  },
  {
    "smiles": "[1*]C(=O)n1cc([16*])c2cc(F)ccc21",
    "label": [
      0.0,
      1.0
    ],
    "confidence": 0.0
  },
  {
    "smiles": "[13*]C1([13*])N=C(N)N2CC(F)(F)CN=C21",
    "label": [
      0.1111111111111111,
      0.8888888888888888
    ],
    "confidence": 0.8275727140094045
  },
  {
    "smiles": "[4*]C1([15*])CCc2nc(N)ncc2C1",
    "label": [
      0.0,
      1.0
    ],
    "confidence": 0.0
  },
  {
    "smiles": "[16*]c1cc([16*])cc(S(=O)(=O)CC)c1",
    "label": [
      0.0,
      1.0
    ],
    "confidence": 0.0
  },
  {
    "smiles": "[13*]C1COC/C=C/CCNC(=O)c2cc([16*])cc(c2)C(=O)N1",
    "label": [
      0.3333333333333333,
      0.6666666666666666
    ],
    "confidence": 0.5847563534614942
  },
  {
    "smiles": "[5*][NH2+]C",
    "label": [
      0.3333333333333333,
      0.6666666666666666
    ],
    "confidence": 0.5847563534614942
  },
  {
    "smiles": "[16*]c1ccccc1[16*]",
    "label": [
      0.7142857142857143,
      0.2857142857142857
    ],
    "confidence": 0.7891752626293498
  },
  {
    "smiles": "[16*]c1cccc(C#CC)c1",
    "label": [
      0.0,
      1.0
    ],
    "confidence": 0.42565082250148256
  },
  {
    "smiles": "[8*]CC(C)O",
    "label": [
      0.0,
      1.0
    ],
    "confidence": 0.0
  },
  {
    "smiles": "[1*]C(=O)C(C[8*])CC",
    "label": [
      0.0,
      1.0
    ],
    "confidence": 0.0
  },
  {
    "smiles": "[14*]c1ncccc1C",
    "label": [
      0.0,
      1.0
    ],
    "confidence": 0.0
  },
  {
    "smiles": "[8*]CCC(C)C",
    "label": [
      0.0,
      1.0
    ],
    "confidence": 0.42565082250148256
  },
  {
    "smiles": "[13*]C1COCCCCCNC(=O)c2cc([16*])cc(c2)C(=O)N1",
    "label": [
      0.5,
      0.5
    ],
    "confidence": 0.42565082250148256
  },
  {
    "smiles": "[16*]c1ccc2c(c1)C1(COC(N)=N1)c1cc([16*])ccc1O2",
    "label": [
      0.9523809523809523,
      0.047619047619047616
    ],
    "confidence": 0.9124563672736884
  },
  {
    "smiles": "[13*]C1Cc2cccc(c2)OCCCCOc2cc(cc(C)n2)C(=O)N1",
    "label": [
      0.0,
      1.0
    ],
    "confidence": 0.5847563534614942
  },
  {
    "smiles": "[14*]c1ncc(Cl)cc1C",
    "label": [
      0.0,
      1.0
    ],
    "confidence": 0.0
  },
  {
    "smiles": "[16*]c1cc([16*])c([16*])c([16*])c1",
    "label": [
      0.5,
      0.5
    ],
    "confidence": 0.42565082250148256
  },
  {
    "smiles": "[16*]c1ccc2c(c1)C1(CC(C)(C)C2)N=C(N)N(C)C1=O",
    "label": [
      0.0,
      1.0
    ],
    "confidence": 0.6701230223067765
  },
  {
    "smiles": "[16*]c1ccc([16*])c([16*])c1",
    "label": [
      0.25,
      0.75
    ],
    "confidence": 0.8630206808735645
  },
  {
    "smiles": "[4*]C1([15*])CCC(NO)CC1",
    "label": [
      0.0,
      1.0
    ],
    "confidence": 0.0
  },
  {
    "smiles": "[9*]n1cc(Cl)c([14*])n1",
    "label": [
      0.0,
      1.0
    ],
    "confidence": 0.0
  },
  {
    "smiles": "[7*]C[8*]",
    "label": [
      0.3333333333333333,
      0.6666666666666666
    ],
    "confidence": 0.8630206808735645
  },
  {
    "smiles": "[4*]CC[7*]",
    "label": [
      0.0,
      1.0
    ],
    "confidence": 0.0
  },
  {
    "smiles": "[4*]CCC[7*]",
    "label": [
      0.0,
      1.0
    ],
    "confidence": 0.0
  },
  {
    "smiles": "[16*]c1cccc(C#CC(C)C)c1",
    "label": [
      0.0,
      1.0
    ],
    "confidence": 0.0
  },
  {
    "smiles": "[16*]c1cccc(C#CC2CC2)c1",
    "label": [
      0.0,
      1.0
    ],
    "confidence": 0.42565082250148256
  },
  {
    "smiles": "[4*]CCC#Cc1cccc([16*])c1",
    "label": [
      0.0,
      1.0
    ],
    "confidence": 0.42565082250148256
  },
  {
    "smiles": "[16*]c1cccc(C#C[C@@H](C)O)c1",
    "label": [
      0.0,
      1.0
    ],
    "confidence": 0.0
  },
  {
    "smiles": "[16*]c1ccc(F)c(C#CC2CC2)c1",
    "label": [
      0.0,
      1.0
    ],
    "confidence": 0.42565082250148256
  },
  {
    "smiles": "[16*]c1ccc(F)c(C#CCF)c1",
    "label": [
      0.0,
      1.0
    ],
    "confidence": 0.0
  },
  {
    "smiles": "[8*]CCC(C)(C)C",
    "label": [
      0.0,
      1.0
    ],
    "confidence": 0.42565082250148256
  },
  {
    "smiles": "[8*]CC(CC)CC",
    "label": [
      0.0,
      1.0
    ],
    "confidence": 0.0
  },
  {
    "smiles": "[16*]c1cc([16*])c(C)c([16*])c1",
    "label": [
      0.0,
      1.0
    ],
    "confidence": 0.42565082250148256
  },
  {
    "smiles": "[9*]n1ccc2c([16*])cc([16*])cc21",
    "label": [
      0.5,
      0.5
    ],
    "confidence": 0.42565082250148256
  },
  {
    "smiles": "[16*]c1cc2c3c(c1)c([16*])cn3CS(=O)(=O)N2C",
    "label": [
      0.0,
      1.0
    ],
    "confidence": 0.42565082250148256
  },
  {
    "smiles": "[16*]c1cccc(Br)c1",
    "label": [
      0.875,
      0.125
    ],
    "confidence": 0.8105354291862003
  },
  {
    "smiles": "[16*]c1cc(F)cc(Cl)c1",
    "label": [
      0.4,
      0.6
    ],
    "confidence": 0.724054067707757
  },
  {
    "smiles": "[16*]c1ccc2c(c1)C1(CC(C)(C)S2)N=C(N)N(C)C1=O",
    "label": [
      0.0,
      1.0
    ],
    "confidence": 0.42565082250148256
  },
  {
    "smiles": "[4*]C1([15*])CCC(O)CC1",
    "label": [
      0.0,
      1.0
    ],
    "confidence": 0.0
  },
  {
    "smiles": "[4*]C1([15*])CCC([15*])CC1",
    "label": [
      0.7,
      0.3
    ],
    "confidence": 0.8415106807538887
  },
  {
    "smiles": "[16*]c1cc([16*])c2[nH]cc([16*])c2c1",
    "label": [
      0.0,
      1.0
    ],
    "confidence": 0.0
  },
  {
    "smiles": "[16*]c1cccc([16*])c1C",
    "label": [
      0.0,
      1.0
    ],
    "confidence": 0.0
  },
  {
    "smiles": "[5*]N1CCCC[C@@H]1[13*]",
    "label": [
      0.0,
      1.0
    ],
    "confidence": 0.42565082250148256
  },
  {
    "smiles": "[16*]c1cc(C)c([16*])c(C)c1",
    "label": [
      0.5,
      0.5
    ],
    "confidence": 0.42565082250148256
  },
  {
    "smiles": "[13*]C1([13*])N=C(C)C(N)=N1",
    "label": [
      0.7692307692307693,
      0.23076923076923078
    ],
    "confidence": 0.871517103666553
  },
  {
    "smiles": "[14*]c1ccc(Cl)cn1",
    "label": [
      0.8235294117647058,
      0.17647058823529413
    ],
    "confidence": 0.8963329207157461
  },
  {
    "smiles": "[14*]c1ncc(Cl)cc1Cl",
    "label": [
      0.0,
      1.0
    ],
    "confidence": 0.5847563534614942
  },
  {
    "smiles": "[1*]C(=O)C(C[8*])C(C)C",
    "label": [
      0.0,
      1.0
    ],
    "confidence": 0.0
  },
  {
    "smiles": "[4*]CCC(C)C",
    "label": [
      0.0,
      1.0
    ],
    "confidence": 0.0
  },
  {
    "smiles": "[1*]C(=O)C(C)F",
    "label": [
      0.0,
      1.0
    ],
    "confidence": 0.0
  },
  {
    "smiles": "[5*]N1CCC([15*])CC1[13*]",
    "label": [
      0.3333333333333333,
      0.6666666666666666
    ],
    "confidence": 0.5847563534614942
  },
  {
    "smiles": "[15*]C1C[NH2+]CC12CCCc1nc(Cl)ccc12",
    "label": [
      0.0,
      1.0
    ],
    "confidence": 0.0
  },
  {
    "smiles": "[14*]c1cc([16*])ccn1",
    "label": [
      0.625,
      0.375
    ],
    "confidence": 0.8105354291862003
  },
  {
    "smiles": "[4*]CCF",
    "label": [
      0.3333333333333333,
      0.6666666666666666
    ],
    "confidence": 0.7615051531491241
  },
  {
    "smiles": "[7*]CCC(F)F",
    "label": [
      0.0,
      1.0
    ],
    "confidence": 0.0
  },
  {
    "smiles": "[16*]c1cccc(C#CCCC)c1",
    "label": [
      0.0,
      1.0
    ],
    "confidence": 0.0
  },
  {
    "smiles": "[4*]CCC=C(F)F",
    "label": [
      0.0,
      1.0
    ],
    "confidence": 0.42565082250148256
  },
  {
    "smiles": "[16*]c1ccc(F)c(C#CCCC)c1",
    "label": [
      0.0,
      1.0
    ],
    "confidence": 0.0
  },
  {
    "smiles": "[1*]C(=O)n1cc([16*])c2cc(Cl)ccc21",
    "label": [
      0.0,
      1.0
    ],
    "confidence": 0.0
  },
  {
    "smiles": "[8*]CC(F)(F)F",
    "label": [
      0.75,
      0.25
    ],
    "confidence": 0.6701230223067765
  },
  {
    "smiles": "[16*]c1ccsc1",
    "label": [
      0.4444444444444444,
      0.5555555555555556
    ],
    "confidence": 0.8275727140094045
  },
  {
    "smiles": "[1*]C(=O)C([8*])C",
    "label": [
      0.3076923076923077,
      0.6923076923076923
    ],
    "confidence": 0.871517103666553
  },
  {
    "smiles": "[13*]C1(C)COCC(N)=N1",
    "label": [
      0.3333333333333333,
      0.6666666666666666
    ],
    "confidence": 0.5847563534614942
  },
  {
    "smiles": "[4*]CC(F)(F)C(F)(F)F",
    "label": [
      0.0,
      1.0
    ],
    "confidence": 0.0
  },
  {
    "smiles": "[4*]CCCCC",
    "label": [
      0.8,
      0.2
    ],
    "confidence": 0.724054067707757
  },
  {
    "smiles": "[4*]C[C@H]([4*])C(F)(F)F",
    "label": [
      0.0,
      1.0
    ],
    "confidence": 0.0
  },
  {
    "smiles": "[14*]c1ccc(C#C)cn1",
    "label": [
      0.0,
      1.0
    ],
    "confidence": 0.0
  },
  {
    "smiles": "[13*]C1CC([NH3+])C[NH2+]1",
    "label": [
      0.0,
      1.0
    ],
    "confidence": 0.0
  },
  {
    "smiles": "[14*]c1cc(C2(c3ccc(F)c([16*])c3)N=C(N)c3c(F)cccc32)ccn1",
    "label": [
      0.0,
      1.0
    ],
    "confidence": 0.0
  },
  {
    "smiles": "[15*]C1C[NH2+]CC12CCCc1nc(C)ccc12",
    "label": [
      0.0,
      1.0
    ],
    "confidence": 0.0
  },
  {
    "smiles": "[16*]c1ccc(N)c([16*])c1",
    "label": [
      0.3333333333333333,
      0.6666666666666666
    ],
    "confidence": 0.5847563534614942
  },
  {
    "smiles": "[16*]c1cc(Cl)ccc1F",
    "label": [
      0.5,
      0.5
    ],
    "confidence": 0.42565082250148256
  },
  {
    "smiles": "[9*]n1ccc([14*])n1",
    "label": [
      0.75,
      0.25
    ],
    "confidence": 0.6701230223067765
  },
  {
    "smiles": "[14*]c1cc(C2(c3ccc(F)c([16*])c3)N=C(N)c3c(F)cc(F)cc32)ccn1",
    "label": [
      0.0,
      1.0
    ],
    "confidence": 0.0
  },
  {
    "smiles": "[8*]CO",
    "label": [
      0.6666666666666666,
      0.3333333333333333
    ],
    "confidence": 0.5847563534614942
  },
  {
    "smiles": "[13*]C1(C)CCOC(N)=N1",
    "label": [
      0.5,
      0.5
    ],
    "confidence": 0.42565082250148256
  },
  {
    "smiles": "[16*]c1cc([16*])c2c(c1)c([16*])cn2C",
    "label": [
      0.0,
      1.0
    ],
    "confidence": 0.0
  },
  {
    "smiles": "[14*]c1occc1C",
    "label": [
      0.0,
      1.0
    ],
    "confidence": 0.0
  },
  {
    "smiles": "[16*]c1cccc(F)c1F",
    "label": [
      0.0,
      1.0
    ],
    "confidence": 0.0
  },
  {
    "smiles": "[4*]CCO",
    "label": [
      0.5,
      0.5
    ],
    "confidence": 0.6701230223067765
  },
  {
    "smiles": "[14*]c1ccc([16*])c(N)n1",
    "label": [
      0.6,
      0.4
    ],
    "confidence": 0.724054067707757
  },
  {
    "smiles": "[7*]CCCF",
    "label": [
      0.0,
      1.0
    ],
    "confidence": 0.0
  },
  {
    "smiles": "[7*]CCCCO",
    "label": [
      0.0,
      1.0
    ],
    "confidence": 0.0
  },
  {
    "smiles": "[16*]c1cccc(C#CCC)c1",
    "label": [
      0.0,
      1.0
    ],
    "confidence": 0.0
  },
  {
    "smiles": "[16*]c1cccc(C#CCCCCF)c1",
    "label": [
      0.0,
      1.0
    ],
    "confidence": 0.0
  },
  {
    "smiles": "[13*]C1(C)CN(C)C(=O)C(N)=N1",
    "label": [
      0.5,
      0.5
    ],
    "confidence": 0.42565082250148256
  },
  {
    "smiles": "[16*]c1ccc(F)c(C#CC)c1",
    "label": [
      0.0,
      1.0
    ],
    "confidence": 0.0
  },
  {
    "smiles": "[16*]c1cccc(C2(c3cc(C)c([16*])c(C#N)c3)N=C(N)c3c(F)cccc32)c1",
    "label": [
      0.0,
      1.0
    ],
    "confidence": 0.0
  },
  {
    "smiles": "[4*]C(F)(F)C(F)F",
    "label": [
      0.0,
      1.0
    ],
    "confidence": 0.0
  },
  {
    "smiles": "[5*]NC(=[NH2+])N[5*]",
    "label": [
      0.7,
      0.3
    ],
    "confidence": 0.8415106807538887
  },
  {
    "smiles": "[9*]n1ccc2ccc(C#N)cc21",
    "label": [
      0.0,
      1.0
    ],
    "confidence": 0.0
  },
  {
    "smiles": "[1*]C(=O)C[8*]",
    "label": [
      0.7,
      0.3
    ],
    "confidence": 0.8415106807538887
  },
  {
    "smiles": "[16*]c1cc(Cl)c([16*])c(Cl)c1",
    "label": [
      0.6666666666666666,
      0.3333333333333333
    ],
    "confidence": 0.8275727140094045
  },
  {
    "smiles": "[16*]c1ccc(C#C)cc1",
    "label": [
      0.0,
      1.0
    ],
    "confidence": 0.0
  },
  {
    "smiles": "[16*]c1ccc(F)nc1",
    "label": [
      0.5,
      0.5
    ],
    "confidence": 0.42565082250148256
  },
  {
    "smiles": "[4*]C1([15*])CCC(C)CC1",
    "label": [
      0.0,
      1.0
    ],
    "confidence": 0.0
  },
  {
    "smiles": "[8*]CCCC#N",
    "label": [
      0.0,
      1.0
    ],
    "confidence": 0.0
  },
  {
    "smiles": "[4*]CCCC[7*]",
    "label": [
      0.0,
      1.0
    ],
    "confidence": 0.0
  },
  {
    "smiles": "[7*]CCCO",
    "label": [
      0.0,
      1.0
    ],
    "confidence": 0.0
  },
  {
    "smiles": "[8*]CCF",
    "label": [
      0.0,
      1.0
    ],
    "confidence": 0.0
  },
  {
    "smiles": "[5*][NH+](C)C",
    "label": [
      0.0,
      1.0
    ],
    "confidence": 0.42565082250148256
  },
  {
    "smiles": "[13*]C1Cc2ccccc2C[NH2+]1",
    "label": [
      0.8,
      0.2
    ],
    "confidence": 0.724054067707757
  },
  {
    "smiles": "[16*]c1ccc(O)c(Br)c1",
    "label": [
      0.8571428571428571,
      0.14285714285714285
    ],
    "confidence": 0.7891752626293498
  },
  {
    "smiles": "[9*]n1ccc2cc(C#N)ccc21",
    "label": [
      0.0,
      1.0
    ],
    "confidence": 0.0
  },
  {
    "smiles": "[3*]OC#Cc1cccc([16*])c1",
    "label": [
      0.0,
      1.0
    ],
    "confidence": 0.0
  },
  {
    "smiles": "[8*]CCCC(F)(F)F",
    "label": [
      0.0,
      1.0
    ],
    "confidence": 0.0
  },
  {
    "smiles": "[5*]NC",
    "label": [
      0.6666666666666666,
      0.3333333333333333
    ],
    "confidence": 0.5847563534614942
  },
  {
    "smiles": "[16*]c1ccc([16*])c(Br)c1",
    "label": [
      0.5,
      0.5
    ],
    "confidence": 0.42565082250148256
  },
  {
    "smiles": "[16*]c1cccc(C2(c3cc(C)c(=O)n(C)c3)N=C(N)c3c(F)cccc32)c1",
    "label": [
      0.0,
      1.0
    ],
    "confidence": 0.0
  },
  {
    "smiles": "[1*]C(=O)n1cc([16*])c2ccc(F)cc21",
    "label": [
      0.0,
      1.0
    ],
    "confidence": 0.0
  },
  {
    "smiles": "[14*]c1ccc(F)cn1",
    "label": [
      0.5,
      0.5
    ],
    "confidence": 0.42565082250148256
  },
  {
    "smiles": "[1*]C(=O)n1cc([16*])c2cc([16*])ccc21",
    "label": [
      0.6666666666666666,
      0.3333333333333333
    ],
    "confidence": 0.5847563534614942
  },
  {
    "smiles": "[6*]C(=O)[O-]",
    "label": [
      0.5,
      0.5
    ],
    "confidence": 0.42565082250148256
  },
  {
    "smiles": "[16*]c1cccc([16*])c1F",
    "label": [
      0.5,
      0.5
    ],
    "confidence": 0.6701230223067765
  },
  {
    "smiles": "[4*]C(C[8*])C(F)(F)F",
    "label": [
      0.0,
      1.0
    ],
    "confidence": 0.0
  },
  {
    "smiles": "[9*]n1ccc2ccc(Br)cc21",
    "label": [
      0.0,
      1.0
    ],
    "confidence": 0.0
  },
  {
    "smiles": "[16*]c1ccnc(C)c1",
    "label": [
      0.0,
      1.0
    ],
    "confidence": 0.42565082250148256
  },
  {
    "smiles": "[6*]C(=O)CCCF",
    "label": [
      0.0,
      1.0
    ],
    "confidence": 0.0
  },
  {
    "smiles": "[8*][C@H](F)CCCF",
    "label": [
      0.0,
      1.0
    ],
    "confidence": 0.0
  },
  {
    "smiles": "[16*]c1csc(Cl)c1",
    "label": [
      0.0,
      1.0
    ],
    "confidence": 0.0
  },
  {
    "smiles": "[14*]c1ccc(C)cn1",
    "label": [
      0.0,
      1.0
    ],
    "confidence": 0.0
  },
  {
    "smiles": "[13*]C1([13*])N=C(N)N2CCCN=C21",
    "label": [
      0.3333333333333333,
      0.6666666666666666
    ],
    "confidence": 0.5847563534614942
  },
  {
    "smiles": "[8*]CCCCC",
    "label": [
      0.0,
      1.0
    ],
    "confidence": 0.0
  },
  {
    "smiles": "[4*]C1([15*])CCc2nc(C)ncc2C1",
    "label": [
      0.0,
      1.0
    ],
    "confidence": 0.0
  },
  {
    "smiles": "[4*]C1([15*])CCC(NOC)CC1",
    "label": [
      0.0,
      1.0
    ],
    "confidence": 0.0
  },
  {
    "smiles": "[14*]c1ccco1",
    "label": [
      0.6666666666666666,
      0.3333333333333333
    ],
    "confidence": 0.5847563534614942
  },
  {
    "smiles": "[16*]c1cccc(C(=C)C)c1",
    "label": [
      0.0,
      1.0
    ],
    "confidence": 0.0
  },
  {
    "smiles": "[4*]CCCCF",
    "label": [
      0.0,
      1.0
    ],
    "confidence": 0.0
  },
  {
    "smiles": "[16*]c1cnn(C)c1",
    "label": [
      0.5,
      0.5
    ],
    "confidence": 0.42565082250148256
  },
  {
    "smiles": "[9*]n1ccc2cc(Br)ccc21",
    "label": [
      1.0,
      0.0
    ],
    "confidence": 0.0
  },
  {
    "smiles": "[8*]C[C@H](C)CC",
    "label": [
      1.0,
      0.0
    ],
    "confidence": 0.0
  },
  {
    "smiles": "[1*]C(=O)n1cc([16*])c2ccc(C#N)cc21",
    "label": [
      1.0,
      0.0
    ],
    "confidence": 0.0
  },
  {
    "smiles": "[16*]c1ccc2[nH]cc([16*])c2c1",
    "label": [
      1.0,
      0.0
    ],
    "confidence": 0.42565082250148256
  },
  {
    "smiles": "[16*]c1cc(O)c(N)c(F)c1",
    "label": [
      1.0,
      0.0
    ],
    "confidence": 0.42565082250148256
  },
  {
    "smiles": "[8*]C(C)[NH3+]",
    "label": [
      1.0,
      0.0
    ],
    "confidence": 0.0
  },
  {
    "smiles": "[16*]c1cccc(C2(c3ccncc3)N=C(N)c3c(F)cccc32)c1",
    "label": [
      1.0,
      0.0
    ],
    "confidence": 0.42565082250148256
  },
  {
    "smiles": "[16*]c1ccc(C)c([16*])c1",
    "label": [
      1.0,
      0.0
    ],
    "confidence": 0.5847563534614942
  },
  {
    "smiles": "[8*]C(C)(C)CC",
    "label": [
      1.0,
      0.0
    ],
    "confidence": 0.0
  },
  {
    "smiles": "[8*]CCC(F)(F)F",
    "label": [
      1.0,
      0.0
    ],
    "confidence": 0.0
  },
  {
    "smiles": "[14*]c1cc(C2(c3cccc([16*])c3)N=C(N)c3ccccc32)ccn1",
    "label": [
      1.0,
      0.0
    ],
    "confidence": 0.0
  },
  {
    "smiles": "[16*]c1ccc(C2(c3cccc([16*])c3)N=C(N)c3c(F)cccc32)cc1",
    "label": [
      1.0,
      0.0
    ],
    "confidence": 0.0
  },
  {
    "smiles": "[14*]c1cc([14*])on1",
    "label": [
      1.0,
      0.0
    ],
    "confidence": 0.42565082250148256
  },
  {
    "smiles": "[4*]CC([4*])CC(O)C([4*])C[4*]",
    "label": [
      1.0,
      0.0
    ],
    "confidence": 0.8789129854948261
  },
  {
    "smiles": "[16*]c1cc(C)nc(C)c1",
    "label": [
      1.0,
      0.0
    ],
    "confidence": 0.0
  },
  {
    "smiles": "[16*]c1csc(C)c1",
    "label": [
      1.0,
      0.0
    ],
    "confidence": 0.0
  },
  {
    "smiles": "[13*][C@@H]1Cc2cccc([16*])c2C[NH2+]1",
    "label": [
      1.0,
      0.0
    ],
    "confidence": 0.0
  },
  {
    "smiles": "[4*]C(C[8*])[C@@H]([8*])O",
    "label": [
      1.0,
      0.0
    ],
    "confidence": 0.42565082250148256
  },
  {
    "smiles": "[16*]c1ccc(N)c(Br)c1",
    "label": [
      1.0,
      0.0
    ],
    "confidence": 0.0
  },
  {
    "smiles": "[1*]C(=O)C(C)C",
    "label": [
      1.0,
      0.0
    ],
    "confidence": 0.42565082250148256
  },
  {
    "smiles": "[16*]c1ccc([16*])c(C#N)c1",
    "label": [
      1.0,
      0.0
    ],
    "confidence": 0.0
  },
  {
    "smiles": "[14*]c1cc([16*])cc(C)n1",
    "label": [
      1.0,
      0.0
    ],
    "confidence": 0.42565082250148256
  },
  {
    "smiles": "[15*]C1CCCC([15*])C1",
    "label": [
      1.0,
      0.0
    ],
    "confidence": 0.6701230223067765
  },
  {
    "smiles": "[14*]c1nn(C)cc1Cl",
    "label": [
      1.0,
      0.0
    ],
    "confidence": 0.0
  },
  {
    "smiles": "[8*]C(C)(C)C#N",
    "label": [
      1.0,
      0.0
    ],
    "confidence": 0.0
  },
  {
    "smiles": "[16*]c1cc([16*])cc(O)c1",
    "label": [
      1.0,
      0.0
    ],
    "confidence": 0.0
  },
  {
    "smiles": "[16*]c1cc([16*])cc(Br)c1",
    "label": [
      1.0,
      0.0
    ],
    "confidence": 0.0
  },
  {
    "smiles": "[4*]C([8*])CF",
    "label": [
      1.0,
      0.0
    ],
    "confidence": 0.0
  },
  {
    "smiles": "[14*]c1cc([16*])c(C)s1",
    "label": [
      1.0,
      0.0
    ],
    "confidence": 0.0
  },
  {
    "smiles": "[16*]c1ccc2c(c1)OCCO2",
    "label": [
      1.0,
      0.0
    ],
    "confidence": 0.0
  },
  {
    "smiles": "[13*]C1([13*])[NH+]=C(N)N2CC(C)(C)N=C21",
    "label": [
      1.0,
      0.0
    ],
    "confidence": 0.0
  },
  {
    "smiles": "[4*]C1([15*])CCC(S(C)(=O)=O)CC1",
    "label": [
      1.0,
      0.0
    ],
    "confidence": 0.0
  },
  {
    "smiles": "[5*]NC=O",
    "label": [
      1.0,
      0.0
    ],
    "confidence": 0.0
  },
  {
    "smiles": "[4*]C1([15*])CCCC1",
    "label": [
      1.0,
      0.0
    ],
    "confidence": 0.0
  },
  {
    "smiles": "[4*]CCCO",
    "label": [
      1.0,
      0.0
    ],
    "confidence": 0.0
  },
  {
    "smiles": "[14*]c1n[nH]c2ccc([16*])cc12",
    "label": [
      1.0,
      0.0
    ],
    "confidence": 0.42565082250148256
  },
  {
    "smiles": "[16*]c1cc([16*])cc(I)c1",
    "label": [
      1.0,
      0.0
    ],
    "confidence": 0.0
  },
  {
    "smiles": "[9*]n1ccc2ccc([16*])cc21",
    "label": [
      1.0,
      0.0
    ],
    "confidence": 0.42565082250148256
  },
  {
    "smiles": "[8*]C(C)(C)C(F)F",
    "label": [
      1.0,
      0.0
    ],
    "confidence": 0.42565082250148256
  },
  {
    "smiles": "[14*]c1ccc(C)o1",
    "label": [
      1.0,
      0.0
    ],
    "confidence": 0.0
  },
  {
    "smiles": "[4*]C1([15*])CCC(N(O)C(C)=O)CC1",
    "label": [
      1.0,
      0.0
    ],
    "confidence": 0.0
  },
  {
    "smiles": "[13*]C1COCc2cccc(c2)C(c2ccccc2)NC(=O)c2cc([16*])cc(c2)C(=O)N1",
    "label": [
      1.0,
      0.0
    ],
    "confidence": 0.5847563534614942
  },
  {
    "smiles": "[1*]C(=O)C(CC([8*])O)C(C)C",
    "label": [
      1.0,
      0.0
    ],
    "confidence": 0.7891752626293498
  },
  {
    "smiles": "[3*]O/N=C(\\C)c1cc([16*])cc([16*])c1",
    "label": [
      1.0,
      0.0
    ],
    "confidence": 0.0
  },
  {
    "smiles": "[16*]c1cc2c3c(c1)c([16*])cn3CCS(=O)(=O)O2",
    "label": [
      1.0,
      0.0
    ],
    "confidence": 0.42565082250148256
  },
  {
    "smiles": "[10*]N1CCCCC1=O",
    "label": [
      1.0,
      0.0
    ],
    "confidence": 0.0
  },
  {
    "smiles": "[10*]N1C(=O)C2(CC(C)(C)Oc3ccc([16*])cc32)N=C1N",
    "label": [
      1.0,
      0.0
    ],
    "confidence": 0.42565082250148256
  },
  {
    "smiles": "[4*]C1([15*])CCCOC1",
    "label": [
      1.0,
      0.0
    ],
    "confidence": 0.0
  },
  {
    "smiles": "[9*]n1cccn1",
    "label": [
      1.0,
      0.0
    ],
    "confidence": 0.5847563534614942
  },
  {
    "smiles": "[5*]N1C2(CC[NH+]([5*])C(C)C2)CN(C)S1(=O)=O",
    "label": [
      1.0,
      0.0
    ],
    "confidence": 0.7615051531491241
  },
  {
    "smiles": "[14*]c1ccccn1",
    "label": [
      1.0,
      0.0
    ],
    "confidence": 0.8415106807538887
  },
  {
    "smiles": "[4*]C1([15*])CCOCC1",
    "label": [
      1.0,
      0.0
    ],
    "confidence": 0.0
  },
  {
    "smiles": "[15*][C@H]1CCOC1",
    "label": [
      1.0,
      0.0
    ],
    "confidence": 0.42565082250148256
  },
  {
    "smiles": "[8*]C(C)(C)CF",
    "label": [
      1.0,
      0.0
    ],
    "confidence": 0.0
  },
  {
    "smiles": "[13*]C1Cc2cccc(c2)OCCCCNc2cccc(c2)C(=O)N1",
    "label": [
      1.0,
      0.0
    ],
    "confidence": 0.0
  },
  {
    "smiles": "[1*]C(=O)C([NH3+])(C[8*])CO",
    "label": [
      1.0,
      0.0
    ],
    "confidence": 0.42565082250148256
  },
  {
    "smiles": "[16*]c1ccccc1C#N",
    "label": [
      1.0,
      0.0
    ],
    "confidence": 0.0
  },
  {
    "smiles": "[16*]c1cc([16*])cc(N)c1",
    "label": [
      1.0,
      0.0
    ],
    "confidence": 0.0
  },
  {
    "smiles": "[16*]c1ccc(C2(c3cccc([16*])c3)N=C(N)n3nc(C)cc32)cc1",
    "label": [
      1.0,
      0.0
    ],
    "confidence": 0.0
  },
  {
    "smiles": "[4*]C1([15*])CCCN([5*])C1",
    "label": [
      1.0,
      0.0
    ],
    "confidence": 0.5847563534614942
  },
  {
    "smiles": "[1*]C(N)=O",
    "label": [
      1.0,
      0.0
    ],
    "confidence": 0.42565082250148256
  },
  {
    "smiles": "[16*]c1cccc(C#CC2CCCCC2)c1",
    "label": [
      1.0,
      0.0
    ],
    "confidence": 0.0
  },
  {
    "smiles": "[10*]N1C(=O)C2CCC1C2",
    "label": [
      1.0,
      0.0
    ],
    "confidence": 0.0
  },
  {
    "smiles": "[4*]CC(C)([NH3+])C[8*]",
    "label": [
      1.0,
      0.0
    ],
    "confidence": 0.0
  },
  {
    "smiles": "[13*]C1(C)N=C(N)CNC1=O",
    "label": [
      1.0,
      0.0
    ],
    "confidence": 0.0
  },
  {
    "smiles": "[10*]N1C(=N)NC([13*])([13*])C1=O",
    "label": [
      1.0,
      0.0
    ],
    "confidence": 0.6701230223067765
  },
  {
    "smiles": "[16*]c1ccc(N)c(F)c1",
    "label": [
      1.0,
      0.0
    ],
    "confidence": 0.0
  },
  {
    "smiles": "[1*]C(=O)C([4*])CC[4*]",
    "label": [
      1.0,
      0.0
    ],
    "confidence": 0.42565082250148256
  },
  {
    "smiles": "[14*]c1cccs1",
    "label": [
      1.0,
      0.0
    ],
    "confidence": 0.6701230223067765
  },
  {
    "smiles": "[16*]c1ccsc1C",
    "label": [
      1.0,
      0.0
    ],
    "confidence": 0.0
  },
  {
    "smiles": "[4*]C1([15*])CCN([5*])CC1",
    "label": [
      1.0,
      0.0
    ],
    "confidence": 0.0
  },
  {
    "smiles": "[4*]C1([15*])CCC(C#N)CC1",
    "label": [
      1.0,
      0.0
    ],
    "confidence": 0.0
  },
  {
    "smiles": "[7*]C([8*])C",
    "label": [
      1.0,
      0.0
    ],
    "confidence": 0.0
  },
  {
    "smiles": "[10*]N1C(=O)C([13*])([13*])N=C1N",
    "label": [
      1.0,
      0.0
    ],
    "confidence": 0.7615051531491241
  },
  {
    "smiles": "[15*]C1CCC([15*])CC1",
    "label": [
      1.0,
      0.0
    ],
    "confidence": 0.0
  },
  {
    "smiles": "[8*]C(C)(CF)CF",
    "label": [
      1.0,
      0.0
    ],
    "confidence": 0.0
  },
  {
    "smiles": "[9*]n1cc([14*])nn1",
    "label": [
      1.0,
      0.0
    ],
    "confidence": 0.5847563534614942
  },
  {
    "smiles": "[4*]C1([15*])CCCN(O)C1",
    "label": [
      1.0,
      0.0
    ],
    "confidence": 0.0
  },
  {
    "smiles": "[14*]c1cccnn1",
    "label": [
      1.0,
      0.0
    ],
    "confidence": 0.0
  },
  {
    "smiles": "[5*]N(C)C",
    "label": [
      1.0,
      0.0
    ],
    "confidence": 0.42565082250148256
  },
  {
    "smiles": "[9*]n1c(=O)[nH]c2c([16*])cc([16*])cc21",
    "label": [
      1.0,
      0.0
    ],
    "confidence": 0.0
  },
  {
    "smiles": "[14*]c1ccn(C)n1",
    "label": [
      1.0,
      0.0
    ],
    "confidence": 0.0
  },
  {
    "smiles": "[9*]n1ccc2cc([16*])ccc21",
    "label": [
      1.0,
      0.0
    ],
    "confidence": 0.0
  },
  {
    "smiles": "[14*]c1cnccn1",
    "label": [
      1.0,
      0.0
    ],
    "confidence": 0.0
  },
  {
    "smiles": "[16*]c1cc(C)sc1Cl",
    "label": [
      1.0,
      0.0
    ],
    "confidence": 0.0
  },
  {
    "smiles": "[4*]C([8*])C[8*]",
    "label": [
      1.0,
      0.0
    ],
    "confidence": 0.871517103666553
  },
  {
    "smiles": "[14*]c1ncc(C#N)c(=O)[nH]1",
    "label": [
      1.0,
      0.0
    ],
    "confidence": 0.0
  },
  {
    "smiles": "[16*]c1cc2c3c(c1)c([16*])cn3CCCS(=O)(=O)N2",
    "label": [
      1.0,
      0.0
    ],
    "confidence": 0.0
  },
  {
    "smiles": "[13*]C1C[NH2+]CC[NH2+]1",
    "label": [
      1.0,
      0.0
    ],
    "confidence": 0.0
  },
  {
    "smiles": "[13*]C1COC/C=C/CCNC(=O)c2cc(C)cc(c2)C(=O)N1",
    "label": [
      1.0,
      0.0
    ],
    "confidence": 0.42565082250148256
  },
  {
    "smiles": "[16*]c1cccc(C2(c3ccncc3)N=C(N)c3ccccc32)c1",
    "label": [
      1.0,
      0.0
    ],
    "confidence": 0.0
  },
  {
    "smiles": "[13*]C1([13*])N=C(N)CS1",
    "label": [
      1.0,
      0.0
    ],
    "confidence": 0.42565082250148256
  },
  {
    "smiles": "[14*]c1ccsn1",
    "label": [
      1.0,
      0.0
    ],
    "confidence": 0.0
  },
  {
    "smiles": "[16*]c1cscc1C#CC",
    "label": [
      1.0,
      0.0
    ],
    "confidence": 0.0
  },
  {
    "smiles": "[7*]C([8*])F",
    "label": [
      1.0,
      0.0
    ],
    "confidence": 0.0
  },
  {
    "smiles": "[1*]C(=O)C1=CC2C3C(=C1)N([5*])CC[NH+]3CCS(=O)(=O)N2C",
    "label": [
      1.0,
      0.0
    ],
    "confidence": 0.0
  },
  {
    "smiles": "[16*]c1cccc(C2(C)N=C(N)c3ccccc32)c1",
    "label": [
      1.0,
      0.0
    ],
    "confidence": 0.0
  },
  {
    "smiles": "[15*]C1CCOCOC1",
    "label": [
      1.0,
      0.0
    ],
    "confidence": 0.0
  },
  {
    "smiles": "[16*]c1cc(F)c2c(c1)C1(CCC1)CN2",
    "label": [
      1.0,
      0.0
    ],
    "confidence": 0.0
  },
  {
    "smiles": "[14*]c1ncc(Cl)c(=O)[nH]1",
    "label": [
      1.0,
      0.0
    ],
    "confidence": 0.0
  },
  {
    "smiles": "[13*]C1CCCO1",
    "label": [
      1.0,
      0.0
    ],
    "confidence": 0.42565082250148256
  },
  {
    "smiles": "[13*]C1(C)CCCO1",
    "label": [
      1.0,
      0.0
    ],
    "confidence": 0.0
  },
  {
    "smiles": "[14*]c1ncc(I)c(=O)[nH]1",
    "label": [
      1.0,
      0.0
    ],
    "confidence": 0.0
  },
  {
    "smiles": "[13*][C@@H]1Cc2ccccc2C[NH2+]1",
    "label": [
      1.0,
      0.0
    ],
    "confidence": 0.0
  },
  {
    "smiles": "[16*]c1ccccc1Br",
    "label": [
      1.0,
      0.0
    ],
    "confidence": 0.6701230223067765
  },
  {
    "smiles": "[15*]C1C[NH2+]CC1[15*]",
    "label": [
      1.0,
      0.0
    ],
    "confidence": 0.7615051531491241
  },
  {
    "smiles": "[4*]C1([15*])CCC1",
    "label": [
      1.0,
      0.0
    ],
    "confidence": 0.0
  },
  {
    "smiles": "[16*]c1ccc(C#N)c([16*])c1",
    "label": [
      1.0,
      0.0
    ],
    "confidence": 0.0
  },
  {
    "smiles": "[16*]c1ccoc1",
    "label": [
      1.0,
      0.0
    ],
    "confidence": 0.0
  },
  {
    "smiles": "[13*]C1(C)N=C(N)CCS1",
    "label": [
      1.0,
      0.0
    ],
    "confidence": 0.42565082250148256
  },
  {
    "smiles": "[16*]c1ccc(C2(c3cccc([16*])c3)N=C(N)c3nc(C)sc32)cc1",
    "label": [
      1.0,
      0.0
    ],
    "confidence": 0.0
  },
  {
    "smiles": "[4*]CC([4*])[8*]",
    "label": [
      1.0,
      0.0
    ],
    "confidence": 0.0
  },
  {
    "smiles": "[5*]N1CCCOCC1",
    "label": [
      1.0,
      0.0
    ],
    "confidence": 0.0
  },
  {
    "smiles": "[16*]c1ccc2c(c1)C1(CC(C)(C)C2=O)N=C(N)N(C)C1=O",
    "label": [
      1.0,
      0.0
    ],
    "confidence": 0.0
  },
  {
    "smiles": "[14*]c1sccc1Br",
    "label": [
      1.0,
      0.0
    ],
    "confidence": 0.0
  },
  {
    "smiles": "[16*]c1cccc(S(C)(=O)=O)c1",
    "label": [
      1.0,
      0.0
    ],
    "confidence": 0.0
  },
  {
    "smiles": "[16*]c1cc([16*])c[n+]([O-])c1",
    "label": [
      1.0,
      0.0
    ],
    "confidence": 0.0
  },
  {
    "smiles": "[16*]c1ccc2c(c1)OC(F)(F)O2",
    "label": [
      1.0,
      0.0
    ],
    "confidence": 0.0
  },
  {
    "smiles": "[10*]N1CCCOCC1=O",
    "label": [
      1.0,
      0.0
    ],
    "confidence": 0.0
  },
  {
    "smiles": "[14*]c1noc(=O)[nH]1",
    "label": [
      1.0,
      0.0
    ],
    "confidence": 0.0
  },
  {
    "smiles": "[16*]c1cscc1C#C",
    "label": [
      1.0,
      0.0
    ],
    "confidence": 0.0
  },
  {
    "smiles": "[13*]C12CC1CSC(N)=N2",
    "label": [
      1.0,
      0.0
    ],
    "confidence": 0.0
  },
  {
    "smiles": "[16*]c1ccc2c(c1)C1(COC(N)=N1)CC(C)(C)C2",
    "label": [
      1.0,
      0.0
    ],
    "confidence": 0.6701230223067765
  },
  {
    "smiles": "[4*]C([8*])C(C)C",
    "label": [
      1.0,
      0.0
    ],
    "confidence": 0.0
  },
  {
    "smiles": "[1*]C(=O)C(C)CC(O)C([4*])C[8*]",
    "label": [
      1.0,
      0.0
    ],
    "confidence": 0.42565082250148256
  },
  {
    "smiles": "[15*]C1CCCC1=O",
    "label": [
      1.0,
      0.0
    ],
    "confidence": 0.0
  },
  {
    "smiles": "[5*]N1CCC([15*])CC1",
    "label": [
      1.0,
      0.0
    ],
    "confidence": 0.724054067707757
  },
  {
    "smiles": "[13*]C1(C)N=C(N)CN(C)C1=O",
    "label": [
      1.0,
      0.0
    ],
    "confidence": 0.5847563534614942
  },
  {
    "smiles": "[14*]c1ncco1",
    "label": [
      1.0,
      0.0
    ],
    "confidence": 0.42565082250148256
  },
  {
    "smiles": "[8*]CC([8*])(C)[NH3+]",
    "label": [
      1.0,
      0.0
    ],
    "confidence": 0.724054067707757
  },
  {
    "smiles": "[14*]c1n[nH]c([14*])n1",
    "label": [
      1.0,
      0.0
    ],
    "confidence": 0.0
  },
  {
    "smiles": "[14*]c1cccn1C",
    "label": [
      1.0,
      0.0
    ],
    "confidence": 0.0
  },
  {
    "smiles": "[13*]C1Cc2cccc(O)c2C[NH2+]1",
    "label": [
      1.0,
      0.0
    ],
    "confidence": 0.0
  },
  {
    "smiles": "[5*]N1c2ccccc2OS1(=O)=O",
    "label": [
      1.0,
      0.0
    ],
    "confidence": 0.0
  },
  {
    "smiles": "[4*]CC([NH3+])(C[8*])C(F)F",
    "label": [
      1.0,
      0.0
    ],
    "confidence": 0.0
  },
  {
    "smiles": "[15*]C1CCCC1",
    "label": [
      1.0,
      0.0
    ],
    "confidence": 0.42565082250148256
  },
  {
    "smiles": "[8*]CCCCCC(=O)[O-]",
    "label": [
      1.0,
      0.0
    ],
    "confidence": 0.0
  },
  {
    "smiles": "[5*][NH2+]C1CC2(CCC2)Oc2ncc(Cl)cc21",
    "label": [
      1.0,
      0.0
    ],
    "confidence": 0.0
  },
  {
    "smiles": "[4*]CC([NH3+])(C[8*])CF",
    "label": [
      1.0,
      0.0
    ],
    "confidence": 0.0
  },
  {
    "smiles": "[10*]N1CCCNC1=O",
    "label": [
      1.0,
      0.0
    ],
    "confidence": 0.0
  },
  {
    "smiles": "[9*]n1ccc2ccccc21",
    "label": [
      1.0,
      0.0
    ],
    "confidence": 0.5847563534614942
  },
  {
    "smiles": "[13*]C1(C)N=C(N)N(C)C1=O",
    "label": [
      1.0,
      0.0
    ],
    "confidence": 0.0
  },
  {
    "smiles": "[8*]CC([8*])[8*]",
    "label": [
      1.0,
      0.0
    ],
    "confidence": 0.5847563534614942
  },
  {
    "smiles": "[16*]c1ccc([N+](=O)[O-])cc1[16*]",
    "label": [
      1.0,
      0.0
    ],
    "confidence": 0.42565082250148256
  },
  {
    "smiles": "[14*]c1csc(N)n1",
    "label": [
      1.0,
      0.0
    ],
    "confidence": 0.724054067707757
  },
  {
    "smiles": "[16*]c1cccc(Cl)c1F",
    "label": [
      1.0,
      0.0
    ],
    "confidence": 0.0
  },
  {
    "smiles": "[13*]C1([13*])COC(N)=N1",
    "label": [
      1.0,
      0.0
    ],
    "confidence": 0.7615051531491241
  },
  {
    "smiles": "[14*]c1cc[nH]n1",
    "label": [
      1.0,
      0.0
    ],
    "confidence": 0.0
  },
  {
    "smiles": "[10*]N1CCOCC1=O",
    "label": [
      1.0,
      0.0
    ],
    "confidence": 0.0
  },
  {
    "smiles": "[10*]N1CCOC1=O",
    "label": [
      1.0,
      0.0
    ],
    "confidence": 0.0
  },
  {
    "smiles": "[16*]c1cccc(C(=C)C(F)(F)F)c1",
    "label": [
      1.0,
      0.0
    ],
    "confidence": 0.0
  },
  {
    "smiles": "[5*]N1C2(CC[NH+]([5*])C(C)C2)CNS1(=O)=O",
    "label": [
      1.0,
      0.0
    ],
    "confidence": 0.8105354291862003
  },
  {
    "smiles": "[4*]CC([NH3+])(C[8*])CO",
    "label": [
      1.0,
      0.0
    ],
    "confidence": 0.5847563534614942
  },
  {
    "smiles": "[16*]c1cccc(C2(c3cc(C)nc(C)c3)N=C(N)c3c(F)cccc32)c1",
    "label": [
      1.0,
      0.0
    ],
    "confidence": 0.0
  },
  {
    "smiles": "[8*]CCCCCC",
    "label": [
      1.0,
      0.0
    ],
    "confidence": 0.0
  },
  {
    "smiles": "[10*]N1CCNC1=O",
    "label": [
      1.0,
      0.0
    ],
    "confidence": 0.0
  },
  {
    "smiles": "[16*]c1ccc2[nH]ncc2c1",
    "label": [
      1.0,
      0.0
    ],
    "confidence": 0.0
  },
  {
    "smiles": "[16*]c1ccc2c(c1)C1(CC(C)(C)C2(F)F)N=C(N)N(C)C1=O",
    "label": [
      1.0,
      0.0
    ],
    "confidence": 0.0
  },
  {
    "smiles": "[16*]c1ccc2c3c1c([16*])cn3CCS(=O)(=O)N2C",
    "label": [
      1.0,
      0.0
    ],
    "confidence": 0.0
  },
  {
    "smiles": "[5*]N1CC2(CC[NH+]([5*])C(C)C2)N([5*])S1(=O)=O",
    "label": [
      1.0,
      0.0
    ],
    "confidence": 0.7891752626293498
  },
  {
    "smiles": "[14*]c1ncccn1",
    "label": [
      1.0,
      0.0
    ],
    "confidence": 0.42565082250148256
  },
  {
    "smiles": "[16*]c1ccc(Cl)cc1F",
    "label": [
      1.0,
      0.0
    ],
    "confidence": 0.0
  },
  {
    "smiles": "[14*]c1cnc([14*])o1",
    "label": [
      1.0,
      0.0
    ],
    "confidence": 0.42565082250148256
  },
  {
    "smiles": "[9*]n1ccnc1",
    "label": [
      1.0,
      0.0
    ],
    "confidence": 0.0
  },
  {
    "smiles": "[16*]c1ccc(O)c(Cl)c1",
    "label": [
      1.0,
      0.0
    ],
    "confidence": 0.0
  },
  {
    "smiles": "[14*]c1ccc([14*])s1",
    "label": [
      1.0,
      0.0
    ],
    "confidence": 0.42565082250148256
  },
  {
    "smiles": "[16*]c1cccc(C)c1",
    "label": [
      1.0,
      0.0
    ],
    "confidence": 0.42565082250148256
  },
  {
    "smiles": "[13*]C1CCCCO1",
    "label": [
      1.0,
      0.0
    ],
    "confidence": 0.0
  },
  {
    "smiles": "[4*][C@]1([15*])C[C@H]1C",
    "label": [
      1.0,
      0.0
    ],
    "confidence": 0.0
  },
  {
    "smiles": "[16*]c1ccc(C)cc1",
    "label": [
      1.0,
      0.0
    ],
    "confidence": 0.42565082250148256
  },
  {
    "smiles": "[15*]C1CC1C",
    "label": [
      1.0,
      0.0
    ],
    "confidence": 0.0
  },
  {
    "smiles": "[14*]c1noc([14*])n1",
    "label": [
      1.0,
      0.0
    ],
    "confidence": 0.42565082250148256
  },
  {
    "smiles": "[5*]N1CC2CCC1C2",
    "label": [
      1.0,
      0.0
    ],
    "confidence": 0.0
  },
  {
    "smiles": "[4*]CCCC1NC(=O)c2cc([16*])cc(c2)C(=O)NC([13*])COCc2cccc1c2",
    "label": [
      1.0,
      0.0
    ],
    "confidence": 0.0
  },
  {
    "smiles": "[16*]c1ccc2c(c1)C1(CSC(N)=N1)CC(C)(C)C2",
    "label": [
      1.0,
      0.0
    ],
    "confidence": 0.0
  },
  {
    "smiles": "[13*]C1(C)CSCC(N)=N1",
    "label": [
      1.0,
      0.0
    ],
    "confidence": 0.0
  },
  {
    "smiles": "[13*]C1(C)CCSC(N)=N1",
    "label": [
      1.0,
      0.0
    ],
    "confidence": 0.0
  },
  {
    "smiles": "[13*]C1(C)COC(N)=N1",
    "label": [
      1.0,
      0.0
    ],
    "confidence": 0.0
  },
  {
    "smiles": "[13*]C1([13*])N=C(N)C(C(C)C)=N1",
    "label": [
      1.0,
      0.0
    ],
    "confidence": 0.42565082250148256
  },
  {
    "smiles": "[16*]c1ccncc1Cl",
    "label": [
      1.0,
      0.0
    ],
    "confidence": 0.0
  },
  {
    "smiles": "[4*]C(C)(C)C",
    "label": [
      1.0,
      0.0
    ],
    "confidence": 0.8105354291862003
  },
  {
    "smiles": "[1*]C(=O)[C@@H]([4*])C[8*]",
    "label": [
      1.0,
      0.0
    ],
    "confidence": 0.8415106807538887
  },
  {
    "smiles": "[4*]C1([15*])CCOC1",
    "label": [
      1.0,
      0.0
    ],
    "confidence": 0.0
  },
  {
    "smiles": "[5*]N1CC2CC1CO2",
    "label": [
      1.0,
      0.0
    ],
    "confidence": 0.0
  },
  {
    "smiles": "[14*]c1cc([14*])ncn1",
    "label": [
      1.0,
      0.0
    ],
    "confidence": 0.0
  },
  {
    "smiles": "[16*]c1ccc([N+](=O)[O-])cc1",
    "label": [
      1.0,
      0.0
    ],
    "confidence": 0.724054067707757
  },
  {
    "smiles": "[4*]C1(C2CCCC([15*])C2)CCCC1",
    "label": [
      1.0,
      0.0
    ],
    "confidence": 0.0
  },
  {
    "smiles": "[14*]c1nccc(=O)[nH]1",
    "label": [
      1.0,
      0.0
    ],
    "confidence": 0.0
  },
  {
    "smiles": "[16*]c1ccc2[nH]ccc2c1",
    "label": [
      1.0,
      0.0
    ],
    "confidence": 0.42565082250148256
  },
  {
    "smiles": "[1*]C(=O)CCC",
    "label": [
      1.0,
      0.0
    ],
    "confidence": 0.0
  },
  {
    "smiles": "[15*]C1CC1[15*]",
    "label": [
      1.0,
      0.0
    ],
    "confidence": 0.9487406712615662
  },
  {
    "smiles": "[14*]c1csc([14*])n1",
    "label": [
      1.0,
      0.0
    ],
    "confidence": 0.42565082250148256
  },
  {
    "smiles": "[16*]c1cn(S(=O)(=O)CCCC)c2ccccc12",
    "label": [
      1.0,
      0.0
    ],
    "confidence": 0.0
  },
  {
    "smiles": "[13*]C1COCc2cccc(c2)C(c2ccc([16*])cc2)NC(=O)c2cc([16*])cc(c2)C(=O)N1",
    "label": [
      1.0,
      0.0
    ],
    "confidence": 0.0
  },
  {
    "smiles": "[13*]C1([13*])CC([15*])C(N)=N1",
    "label": [
      1.0,
      0.0
    ],
    "confidence": 0.0
  },
  {
    "smiles": "[16*]c1cc(Cl)c(C)cc1F",
    "label": [
      1.0,
      0.0
    ],
    "confidence": 0.0
  },
  {
    "smiles": "[13*]C12CCOCC1OC(N)=N2",
    "label": [
      1.0,
      0.0
    ],
    "confidence": 0.8105354291862003
  },
  {
    "smiles": "[14*]c1n[nH]c(=O)[nH]1",
    "label": [
      1.0,
      0.0
    ],
    "confidence": 0.0
  },
  {
    "smiles": "[15*]C1CCC1",
    "label": [
      1.0,
      0.0
    ],
    "confidence": 0.0
  },
  {
    "smiles": "[13*]C1(C)N=C(C)C(N)=N1",
    "label": [
      1.0,
      0.0
    ],
    "confidence": 0.42565082250148256
  },
  {
    "smiles": "[1*]C(=O)C[7*]",
    "label": [
      1.0,
      0.0
    ],
    "confidence": 0.42565082250148256
  },
  {
    "smiles": "[16*]c1cc(F)ccc1F",
    "label": [
      1.0,
      0.0
    ],
    "confidence": 0.0
  },
  {
    "smiles": "[13*]C1COCCO1",
    "label": [
      1.0,
      0.0
    ],
    "confidence": 0.0
  },
  {
    "smiles": "[16*]c1ccc(S(C)(=O)=O)cc1",
    "label": [
      1.0,
      0.0
    ],
    "confidence": 0.0
  },
  {
    "smiles": "[5*]N1CCOCC1[13*]",
    "label": [
      1.0,
      0.0
    ],
    "confidence": 0.42565082250148256
  },
  {
    "smiles": "[15*]C1C[NH2+]CC12CCCc1ccccc12",
    "label": [
      1.0,
      0.0
    ],
    "confidence": 0.0
  },
  {
    "smiles": "[13*]C1(C)N=C(N)C2CCCCN21",
    "label": [
      1.0,
      0.0
    ],
    "confidence": 0.0
  },
  {
    "smiles": "[16*]c1ccc2c(c1)C1(CC2)CSC(N)=N1",
    "label": [
      1.0,
      0.0
    ],
    "confidence": 0.0
  },
  {
    "smiles": "[14*]c1cc(=O)n(C)c(N)n1",
    "label": [
      1.0,
      0.0
    ],
    "confidence": 0.9375
  },
  {
    "smiles": "[16*]c1ccc(Cl)cc1Cl",
    "label": [
      1.0,
      0.0
    ],
    "confidence": 0.0
  },
  {
    "smiles": "[14*]c1cc(C#C)cs1",
    "label": [
      1.0,
      0.0
    ],
    "confidence": 0.0
  },
  {
    "smiles": "[16*]c1cccc2ccccc12",
    "label": [
      1.0,
      0.0
    ],
    "confidence": 0.0
  },
  {
    "smiles": "[4*]C1([15*])CC[NH2+]CC1",
    "label": [
      1.0,
      0.0
    ],
    "confidence": 0.0
  },
  {
    "smiles": "[13*]C1COC/C=C/C[C@@H]([13*])NC(=O)c2cc(C)cc(c2)C(=O)N1",
    "label": [
      1.0,
      0.0
    ],
    "confidence": 0.0
  },
  {
    "smiles": "[10*]N1C(=N)NC([13*])(C)C1=O",
    "label": [
      1.0,
      0.0
    ],
    "confidence": 0.0
  },
  {
    "smiles": "[5*][NH2+]C1CC2(CCC2)Oc2ncccc21",
    "label": [
      1.0,
      0.0
    ],
    "confidence": 0.0
  },
  {
    "smiles": "[5*]NC1=NC(C)(C)Cc2cc(C)ccc21",
    "label": [
      1.0,
      0.0
    ],
    "confidence": 0.0
  },
  {
    "smiles": "[8*]CS([12*])(=O)=O",
    "label": [
      1.0,
      0.0
    ],
    "confidence": 0.0
  },
  {
    "smiles": "[14*]c1c[nH]c(N)n1",
    "label": [
      1.0,
      0.0
    ],
    "confidence": 0.0
  },
  {
    "smiles": "[1*]C(=O)C(C)([NH3+])C[8*]",
    "label": [
      1.0,
      0.0
    ],
    "confidence": 0.0
  },
  {
    "smiles": "[13*]C1(C)N=C(N)CCO1",
    "label": [
      1.0,
      0.0
    ],
    "confidence": 0.42565082250148256
  },
  {
    "smiles": "[16*]c1ccc(Br)c([16*])c1",
    "label": [
      1.0,
      0.0
    ],
    "confidence": 0.0
  },
  {
    "smiles": "[14*]c1cnc(C)cn1",
    "label": [
      1.0,
      0.0
    ],
    "confidence": 0.0
  },
  {
    "smiles": "[14*]c1nc2ccccc2c(=O)[nH]1",
    "label": [
      1.0,
      0.0
    ],
    "confidence": 0.0
  },
  {
    "smiles": "[9*]n1nccn1",
    "label": [
      1.0,
      0.0
    ],
    "confidence": 0.0
  },
  {
    "smiles": "[1*]C(=O)CC[4*]",
    "label": [
      1.0,
      0.0
    ],
    "confidence": 0.0
  },
  {
    "smiles": "[12*]S(=O)(=O)c1ccccc1",
    "label": [
      1.0,
      0.0
    ],
    "confidence": 0.0
  },
  {
    "smiles": "[13*]C1(C)N=C(N)CS1",
    "label": [
      1.0,
      0.0
    ],
    "confidence": 0.0
  },
  {
    "smiles": "[13*]C1([13*])CCC(N)=N1",
    "label": [
      1.0,
      0.0
    ],
    "confidence": 0.0
  },
  {
    "smiles": "[1*]C(=O)C1=C(C)N([5*])C(C)=C(C(=O)NO[3*])[C@H]1[15*]",
    "label": [
      1.0,
      0.0
    ],
    "confidence": 0.42565082250148256
  },
  {
    "smiles": "[16*]c1cnccc1F",
    "label": [
      1.0,
      0.0
    ],
    "confidence": 0.0
  },
  {
    "smiles": "[5*]N1CCCCC1",
    "label": [
      1.0,
      0.0
    ],
    "confidence": 0.0
  },
  {
    "smiles": "[13*]C1(C)CSC(N)=N1",
    "label": [
      1.0,
      0.0
    ],
    "confidence": 0.0
  },
  {
    "smiles": "[1*]C(=O)C1=C(C)N([5*])C(C)=C(C(=O)NO[3*])[C@@H]1C",
    "label": [
      1.0,
      0.0
    ],
    "confidence": 0.5847563534614942
  },
  {
    "smiles": "[1*]C(=O)C1=C(C)N([5*])C(C)=C(C(=O)NO[3*])[C@@H]1[15*]",
    "label": [
      1.0,
      0.0
    ],
    "confidence": 0.42565082250148256
  },
  {
    "smiles": "[16*]c1ccsc1Br",
    "label": [
      1.0,
      0.0
    ],
    "confidence": 0.0
  },
  {
    "smiles": "[4*]C1([15*])CCC[NH2+]C1",
    "label": [
      1.0,
      0.0
    ],
    "confidence": 0.0
  },
  {
    "smiles": "[4*]C([8*])C(F)(F)F",
    "label": [
      1.0,
      0.0
    ],
    "confidence": 0.0
  },
  {
    "smiles": "[4*]CC([4*])C(O)CC([4*])CO",
    "label": [
      1.0,
      0.0
    ],
    "confidence": 0.0
  },
  {
    "smiles": "[3*]OC1NC(=O)c2cc([16*])cc(c2)C(=O)NC([13*])COCc2cccc1c2",
    "label": [
      1.0,
      0.0
    ],
    "confidence": 0.0
  },
  {
    "smiles": "[3*]OC1CCCc2cc([16*])cc(c2)C(=O)NC([13*])COCc2cccc1c2",
    "label": [
      1.0,
      0.0
    ],
    "confidence": 0.0
  },
  {
    "smiles": "[15*]C1CS(=O)(=O)CC([NH3+])C1O",
    "label": [
      1.0,
      0.0
    ],
    "confidence": 0.42565082250148256
  },
  {
    "smiles": "[4*]CCC[4*]",
    "label": [
      1.0,
      0.0
    ],
    "confidence": 0.42565082250148256
  },
  {
    "smiles": "[4*]CC([NH3+])C[8*]",
    "label": [
      1.0,
      0.0
    ],
    "confidence": 0.0
  },
  {
    "smiles": "[16*]c1ccc2c(c1)C1(CC2)COC(N)=N1",
    "label": [
      1.0,
      0.0
    ],
    "confidence": 0.0
  },
  {
    "smiles": "[14*]c1cncc([14*])n1",
    "label": [
      1.0,
      0.0
    ],
    "confidence": 0.0
  },
  {
    "smiles": "[3*]OS(=O)(=O)C[8*]",
    "label": [
      1.0,
      0.0
    ],
    "confidence": 0.0
  },
  {
    "smiles": "[1*]C(=O)C1=C(C)N([5*])C(C)=C(C(=O)NO[3*])[C@H]1C",
    "label": [
      1.0,
      0.0
    ],
    "confidence": 0.0
  },
  {
    "smiles": "[13*]C1(C)N=C(N)[C@H]2CCCCN21",
    "label": [
      1.0,
      0.0
    ],
    "confidence": 0.0
  },
  {
    "smiles": "[1*]C(=O)C1=C(C)N([5*])C(C)=C(C([1*])=O)C1C",
    "label": [
      1.0,
      0.0
    ],
    "confidence": 0.724054067707757
  },
  {
    "smiles": "[1*]C(=O)C1=CN([5*])C(C)=C(C([1*])=O)[C@H]1C",
    "label": [
      1.0,
      0.0
    ],
    "confidence": 0.0
  },
  {
    "smiles": "[1*]C(=O)C1=C(C)N([5*])C(C)=C(C([1*])=O)C1[15*]",
    "label": [
      1.0,
      0.0
    ],
    "confidence": 0.0
  },
  {
    "smiles": "[5*]N1CC(N)=NC1([13*])C",
    "label": [
      1.0,
      0.0
    ],
    "confidence": 0.0
  },
  {
    "smiles": "[8*]CC#N",
    "label": [
      1.0,
      0.0
    ],
    "confidence": 0.0
  },
  {
    "smiles": "[4*]CC([NH3+])(C[8*])CC",
    "label": [
      1.0,
      0.0
    ],
    "confidence": 0.0
  },
  {
    "smiles": "[4*]CC(O)(C[8*])C[NH3+]",
    "label": [
      1.0,
      0.0
    ],
    "confidence": 0.0
  },
  {
    "smiles": "[8*]CCCC([NH3+])(C[8*])CO",
    "label": [
      1.0,
      0.0
    ],
    "confidence": 0.0
  },
  {
    "smiles": "[1*]C(=O)C1=C(C)N([5*])C(C)=C(C(C)=O)[C@H]1[15*]",
    "label": [
      1.0,
      0.0
    ],
    "confidence": 0.6701230223067765
  },
  {
    "smiles": "[1*]C(=O)C1=CN([5*])C=C(C([1*])=O)C1[15*]",
    "label": [
      1.0,
      0.0
    ],
    "confidence": 0.6701230223067765
  },
  {
    "smiles": "[4*]CC(O)(C[8*])CO",
    "label": [
      1.0,
      0.0
    ],
    "confidence": 0.0
  },
  {
    "smiles": "[15*]C1([15*])CCCC1",
    "label": [
      1.0,
      0.0
    ],
    "confidence": 0.5847563534614942
  },
  {
    "smiles": "[1*]C(=O)C1=CN([5*])C(C)=C(C(C)=O)[C@H]1C",
    "label": [
      1.0,
      0.0
    ],
    "confidence": 0.42565082250148256
  },
  {
    "smiles": "[1*]C(=O)C1=C(C)N([5*])C(C)=C(C(C)=O)[C@H]1C",
    "label": [
      1.0,
      0.0
    ],
    "confidence": 0.42565082250148256
  },
  {
    "smiles": "[13*]C12CCCCC1OC(N)=N2",
    "label": [
      1.0,
      0.0
    ],
    "confidence": 0.7891752626293498
  },
  {
    "smiles": "[5*]NC1=NC(C)(C)Cc2ccccc21",
    "label": [
      1.0,
      0.0
    ],
    "confidence": 0.42565082250148256
  },
  {
    "smiles": "[5*]N1CCOCC1",
    "label": [
      1.0,
      0.0
    ],
    "confidence": 0.0
  },
  {
    "smiles": "[16*]c1ccc(Br)cc1",
    "label": [
      1.0,
      0.0
    ],
    "confidence": 0.0
  },
  {
    "smiles": "[13*]C1CC2(C[NH2+]1)C(=O)Nc1ccccc12",
    "label": [
      1.0,
      0.0
    ],
    "confidence": 0.42565082250148256
  },
  {
    "smiles": "[14*]c1nnc([14*])s1",
    "label": [
      1.0,
      0.0
    ],
    "confidence": 0.0
  },
  {
    "smiles": "[13*][C@]1(C)N=C(N)CN(C)C1=O",
    "label": [
      1.0,
      0.0
    ],
    "confidence": 0.0
  },
  {
    "smiles": "[13*][C@@]1(C)CN(C)C(=O)C(N)=N1",
    "label": [
      1.0,
      0.0
    ],
    "confidence": 0.42565082250148256
  },
  {
    "smiles": "[1*]C(=O)C1=CN([5*])C=C(C([1*])=O)C1C",
    "label": [
      1.0,
      0.0
    ],
    "confidence": 0.42565082250148256
  },
  {
    "smiles": "[9*]n1cc([16*])c2ccccc21",
    "label": [
      1.0,
      0.0
    ],
    "confidence": 0.0
  },
  {
    "smiles": "[14*]c1coc(C)n1",
    "label": [
      1.0,
      0.0
    ],
    "confidence": 0.0
  },
  {
    "smiles": "[12*]S(=O)(=O)c1cccc([16*])c1",
    "label": [
      1.0,
      0.0
    ],
    "confidence": 0.42565082250148256
  },
  {
    "smiles": "[13*]C12CC1CCSC(N)=N2",
    "label": [
      1.0,
      0.0
    ],
    "confidence": 0.0
  },
  {
    "smiles": "[14*]c1coc([14*])n1",
    "label": [
      1.0,
      0.0
    ],
    "confidence": 0.42565082250148256
  },
  {
    "smiles": "[8*]CS(=O)(=O)c1ccccc1",
    "label": [
      1.0,
      0.0
    ],
    "confidence": 0.0
  },
  {
    "smiles": "[8*]CS(=O)(=O)c1cccc([16*])c1",
    "label": [
      1.0,
      0.0
    ],
    "confidence": 0.0
  },
  {
    "smiles": "[14*]c1cc(C)cs1",
    "label": [
      1.0,
      0.0
    ],
    "confidence": 0.0
  },
  {
    "smiles": "[1*]C(=O)CC([8*])CC(C)C",
    "label": [
      1.0,
      0.0
    ],
    "confidence": 0.5847563534614942
  },
  {
    "smiles": "[5*]N1CCCCC1[13*]",
    "label": [
      1.0,
      0.0
    ],
    "confidence": 0.0
  },
  {
    "smiles": "[1*]C(=O)CCC[8*]",
    "label": [
      1.0,
      0.0
    ],
    "confidence": 0.8415106807538887
  },
  {
    "smiles": "[4*]CCC([NH3+])(C[8*])CO",
    "label": [
      1.0,
      0.0
    ],
    "confidence": 0.5847563534614942
  },
  {
    "smiles": "[1*]C(=O)CC([8*])CC",
    "label": [
      1.0,
      0.0
    ],
    "confidence": 0.871517103666553
  },
  {
    "smiles": "[14*]c1ncc2ccoc2n1",
    "label": [
      1.0,
      0.0
    ],
    "confidence": 0.0
  },
  {
    "smiles": "[1*]C(=O)C([4*])C[4*]",
    "label": [
      1.0,
      0.0
    ],
    "confidence": 0.0
  },
  {
    "smiles": "[4*]CC([4*])C(=O)[O-]",
    "label": [
      1.0,
      0.0
    ],
    "confidence": 0.0
  },
  {
    "smiles": "[4*]CC([4*])(C[8*])CO",
    "label": [
      1.0,
      0.0
    ],
    "confidence": 0.0
  },
  {
    "smiles": "[8*]CC([NH3+])(CO)CCS(=O)(=O)c1cc([16*])cc([16*])c1",
    "label": [
      1.0,
      0.0
    ],
    "confidence": 0.0
  },
  {
    "smiles": "[4*]CC([NH3+])(C[4*])C[8*]",
    "label": [
      1.0,
      0.0
    ],
    "confidence": 0.0
  },
  {
    "smiles": "[13*]C1(C)N=C(N)C(C(C)C)=N1",
    "label": [
      1.0,
      0.0
    ],
    "confidence": 0.0
  },
  {
    "smiles": "[15*][C@H]1C[C@@H]1[15*]",
    "label": [
      1.0,
      0.0
    ],
    "confidence": 0.0
  },
  {
    "smiles": "[15*]C1CS(=O)CC([NH3+])C1O",
    "label": [
      1.0,
      0.0
    ],
    "confidence": 0.0
  },
  {
    "smiles": "[14*]c1ccc(C)s1",
    "label": [
      1.0,
      0.0
    ],
    "confidence": 0.0
  },
  {
    "smiles": "[14*]c1nnco1",
    "label": [
      1.0,
      0.0
    ],
    "confidence": 0.0
  },
  {
    "smiles": "[13*][C@@]1(C)CC(=O)N(C)C(N)=N1",
    "label": [
      1.0,
      0.0
    ],
    "confidence": 0.0
  },
  {
    "smiles": "[14*]c1nccc(C)n1",
    "label": [
      1.0,
      0.0
    ],
    "confidence": 0.0
  },
  {
    "smiles": "[15*]C1CC[NH2+]C1",
    "label": [
      1.0,
      0.0
    ],
    "confidence": 0.42565082250148256
  },
  {
    "smiles": "[4*]CC[8*]",
    "label": [
      1.0,
      0.0
    ],
    "confidence": 0.42565082250148256
  },
  {
    "smiles": "[15*]C1CC[NH+](C)CC1",
    "label": [
      1.0,
      0.0
    ],
    "confidence": 0.0
  },
  {
    "smiles": "[14*]c1nnc(C)o1",
    "label": [
      1.0,
      0.0
    ],
    "confidence": 0.0
  },
  {
    "smiles": "[5*][NH+]1CCOCC1",
    "label": [
      1.0,
      0.0
    ],
    "confidence": 0.42565082250148256
  },
  {
    "smiles": "[14*]c1nnn[nH]1",
    "label": [
      1.0,
      0.0
    ],
    "confidence": 0.0
  },
  {
    "smiles": "Nc1nc2cc(Cl)ccc2[nH]1",
    "label": [
      1.0,
      0.0
    ],
    "confidence": 0.0
  }
]